<?xml version="1.0"?>
<!DOCTYPE hibernate-mapping PUBLIC "-//Hibernate/Hibernate Mapping DTD 3.0//EN"
"http://hibernate.sourceforge.net/hibernate-mapping-3.0.dtd">
<!-- Generated 3 Feb, 2016 12:16:05 PM by Hibernate Tools 3.4.0.CR1 -->
<hibernate-mapping>
    <class name="main.java.Book" table="BookTbl">
        <id name="id" type="int">
            <column name="ID" />
            <generator class="assigned" />
        </id>
        <property name="name" type="java.lang.String">
            <column name="name" />
        </property>
        <property name="author" type="java.lang.String">
            <column name="author" />
        </property>
        <property name="price" type="double">
            <column name="price" />
        </property>
    </class>
</hibernate-mapping>
