<?xml version="1.0" encoding="UTF-8" ?>
 <!DOCTYPE tiles-definitions PUBLIC
"-//Apache Software Foundation//DTD Tiles Configuration 2.0//EN"
"http://tiles.apache.org/dtds/tiles-config_2_0.dtd">
<tiles-definitions>
	<definition name="base.definition" template="/content/jsp/tiles/vBaseLayout.jsp">
		<put-attribute name="title" value=".::  Welcome to WireFrames ::. " />
		<put-attribute name="pageName" value="BASE" />
		<put-attribute name="header" value="/content/jsp/tiles/vHeader.jsp" />
		<put-attribute name="menu" value="/content/jsp/tiles/vMenu.jsp" />
		<put-attribute name="body" value="/content/jsp/tiles/body.jsp" />
		<put-attribute name="footer" value="/content/jsp/tiles/vFooter.jsp" />
	</definition>



	<definition name="data.definition" template="/content/jsp/tiles/vDataLayout.jsp">
		<put-attribute name="title" value=".::  Welcome to WireFrames ::. " />
		<put-attribute name="pageName" value="BASE" />
		<put-attribute name="header" value="/content/jsp/tiles/vHeader.jsp" />
		<put-attribute name="menu" value="/content/jsp/tiles/vMenu.jsp" />
		<put-attribute name="body" value="/content/jsp/tiles/body.jsp" />
		<put-attribute name="footer" value="/content/jsp/tiles/vFooter.jsp" />
	</definition>

	<definition name="ajax.definition" template="/content/jsp/tiles/vAjaxLayout.jsp">
		<put-attribute name="title" value=".::  Welcome to WireFrames ::. " />
		<put-attribute name="body" value="/content/jsp/tiles/body.jsp" />
	</definition>


	<!-- Search Tiles Ends newUserRegister -->
	<definition name="login" extends="base.definition">
		<put-attribute name="menu" value="" />
		<put-attribute name="body" value="/content/jsp/common/vLogin.jsp" />
	</definition>

	<definition name="loginPage" extends="base.definition">
		<put-attribute name="menu" value="" />
		<put-attribute name="body" value="/content/jsp/common/vLogin.jsp" />

	</definition>

	<definition name="iaoIntroPage" extends="base.definition">
		<put-attribute name="menu" value="" />
		<put-attribute name="body"
			value="/content/jsp/common/vIAO_WFIndex.jsp" />

	</definition>


	<!-- <definition name="newUserRegister" extends="base.definition"> <put-attribute 
		name="menu" value=""/> <put-attribute name="body" value="/content/jsp/home/vRegisterUser.jsp" 
		/> </definition> -->
	<definition name="newUserRegister" extends="base.definition">
		<put-attribute name="menu" value="" />
		<put-attribute name="body" value="/content/jsp/home/vNewUser.jsp" />
	</definition>

	<definition name="loadSubRegionHome" extends="ajax.definition">
		<put-attribute name="body"
			value="/content/jsp/home/vLoadSubRegionData.jsp" />
	</definition>
	<definition name="loadCountry" extends="ajax.definition">
		<put-attribute name="body"
			value="/content/jsp/home/ vLoadCountryData.jsp" />
	</definition>
	<definition name="loadStates" extends="ajax.definition">
		<put-attribute name="body"
			value="/content/jsp/home/vLoadSubRegionData.jsp" />
	</definition>

	<definition name="loadModality1" extends="ajax.definition">
		<put-attribute name="body"
			value="/content/jsp/home/vLoadModality.jsp" />
	</definition>
	<definition name="loadModalityTwoPage" extends="ajax.definition">
		<put-attribute name="body"
			value="/content/jsp/home/vLoadModality2.jsp" />
	</definition>

	<definition name="useraccessSubmitPage" extends="base.definition">
		<put-attribute name="menu" value="" />

		<put-attribute name="body"
			value="/content/jsp/home/vUserAccessSubmitForm.jsp" />
	</definition>
	<definition name="error" extends="base.definition">
		<put-attribute name="title" value="Welcome" />
		<put-attribute name="body" value="/content/jsp/tiles/vError.jsp" />
	</definition>




	<definition name="uploadImage" extends="ajax.definition">
		<put-attribute name="body" value="/content/jsp/ajax/vUploading.jsp" />
	</definition>

	<definition name="uploadImage" extends="ajax.definition">
		<put-attribute name="body" value="/content/jsp/ajax/vUploading.jsp" />
	</definition>



	<definition name="home" extends="base.definition">

		<put-attribute name="body" value="/content/jsp/home/vHome.jsp" />
	</definition>


	<definition name="landing" extends="base.definition">

		<put-attribute name="body" value="/content/jsp/home/vLanding.jsp" />
	</definition>

	<definition name="ajaxerror" extends="ajax.definition">
		<put-attribute name="body" value="/content/jsp/tiles/vError.jsp" />
	</definition>









	<definition name="comparisionReport" extends="ajax.definition">
		<put-attribute name="body"
			value="/content/jsp/report/vComparisionReport.jsp" />
	</definition>

	<definition name="loadReportSubRegion" extends="ajax.definition">
		<put-attribute name="body"
			value="/content/jsp/report/vloadSubRegionData.jsp" />
	</definition>

	<definition name="loadReportCountry" extends="ajax.definition">
		<put-attribute name="body"
			value="/content/jsp/report/vLoadCountry.jsp" />
	</definition>
	<definition name="loadSubModalityForReport" extends="ajax.definition">
		<put-attribute name="body"
			value="/content/jsp/report/vLoadSubModality.jsp" />
	</definition>
	<definition name="loadModality2ForReport" extends="ajax.definition">
		<put-attribute name="body"
			value="/content/jsp/report/vLoadModality2.jsp" />
	</definition>
	<definition name="comparisionReportBySubModality" extends="ajax.definition">
		<put-attribute name="body"
			value="/content/jsp/report/vComparisionReportBySubModality.jsp" />
	</definition>

	<definition name="rollingReport" extends="ajax.definition">
		<put-attribute name="body"
			value="/content/jsp/report/vQuarterRolling.jsp" />
	</definition>

	<definition name="manageFX" extends="ajax.definition">
		<put-attribute name="body"
			value="/content/jsp/settings/vManageFXForm.jsp" />
	</definition>
	<definition name="viewTaskList" extends="ajax.definition">
		<put-attribute name="body"
			value="/content/jsp/settings/vMyTaskListResult.jsp" />
	</definition>
	<definition name="showMyTask" extends="ajax.definition">
		<put-attribute name="body" value="/content/jsp/settings/vMyTask.jsp" />
	</definition>
	<definition name="viewFXUploadeExcelData" extends="ajax.definition">
		<put-attribute name="body"
			value="/content/jsp/settings/vviewFXUploadeExcelData.jsp" />
	</definition>

	<definition name="viewFXExportExcelData" extends="ajax.definition">
		<put-attribute name="body"
			value="/content/jsp/settings/vviewFXExportExcelData.jsp" />
	</definition>

	<definition name="userManagementpage" extends="ajax.definition">
		<put-attribute name="body"
			value="/content/jsp/settings/vUserManagement.jsp" />
	</definition>


	<definition name="editUserManagementpage" extends="ajax.definition">
		<put-attribute name="body"
			value="/content/jsp/settings/vEditUserManagement.jsp" />
	</definition>

	<definition name="viewSettingsGroup" extends="ajax.definition">
		<put-attribute name="body"
			value="/content/jsp/settings/vviewSettingsGroup.jsp" />
	</definition>


	<definition name="viewSettingsGroupNew" extends="ajax.definition">
		<put-attribute name="body"
			value="/content/jsp/settings/vSettingsGroup.jsp" />
	</definition>

	<definition name="groupResult" extends="ajax.definition">
		<put-attribute name="body"
			value="/content/jsp/settings/vSettingsGroupResult.jsp" />
	</definition>



	<definition name="viewSettingsGroupUpdate" extends="ajax.definition">
		<put-attribute name="body"
			value="/content/jsp/settings/vviewSettingsGroupUpdate.jsp" />
	</definition>





	<definition name="viewSettingsRegion" extends="ajax.definition">
		<put-attribute name="body"
			value="/content/jsp/settings/vviewSettingsRegion.jsp" />
	</definition>
	<definition name="viewSettingsRegionNew" extends="ajax.definition">
		<put-attribute name="body"
			value="/content/jsp/settings/vSettingsRegion.jsp" />
	</definition>

	<definition name="regionResult" extends="ajax.definition">
		<put-attribute name="body"
			value="/content/jsp/settings/vSettingsRegionResult.jsp" />
	</definition>

	<definition name="viewSettingsSubRegion" extends="ajax.definition">
		<put-attribute name="body"
			value="/content/jsp/settings/vSettingsSubRegion.jsp" />
	</definition>

	<definition name="subRegionResult" extends="ajax.definition">
		<put-attribute name="body"
			value="/content/jsp/settings/vSettingsSubRegionResult.jsp" />
	</definition>

	<definition name="viewSettingsCountries" extends="ajax.definition">
		<put-attribute name="body"
			value="/content/jsp/settings/vSettingsCountry.jsp" />
	</definition>

	<definition name="countryResult" extends="ajax.definition">
		<put-attribute name="body"
			value="/content/jsp/settings/vSettingsCountryResult.jsp" />
	</definition>

	<definition name="viewSettingsState" extends="ajax.definition">
		<put-attribute name="body"
			value="/content/jsp/settings/vSettingsState.jsp" />
	</definition>

	<definition name="stateResult" extends="ajax.definition">
		<put-attribute name="body"
			value="/content/jsp/settings/vSettingsStateResult.jsp" />
	</definition>

	<definition name="viewSettingsRegionUpdate" extends="ajax.definition">
		<put-attribute name="body"
			value="/content/jsp/settings/vviewSettingsRegionUpdate.jsp" />
	</definition>


	<definition name="manageFXDataUpload" extends="ajax.definition">
		<put-attribute name="body"
			value="/content/jsp/settings/vmanageFXDataUpload.jsp" />
	</definition>

	<definition name="supportNeededForm" extends="ajax.definition">
		<put-attribute name="body"
			value="/content/jsp/support/vSupportNeedeForm.jsp" />
	</definition>

	<definition name="mprShowAllPopupData" extends="ajax.definition">
		<put-attribute name="body"
			value="/content/jsp/data/vMPRShowAllPopupData.jsp" />
	</definition>


	<definition name="mprShowAllPopupDataFilter" extends="ajax.definition">
		<put-attribute name="body"
			value="/content/jsp/data/vMPRShowAllPopupDataFilter.jsp" />
	</definition>



	<definition name="goToSettings" extends="base.definition">
		<put-attribute name="body"
			value="/content/jsp/settings/vUserManagement.jsp" />
	</definition>







	<definition name="uploadImage" extends="ajax.definition">
		<put-attribute name="body" value="/content/jsp/ajax/vUploading.jsp" />
	</definition>
	<definition name="secondPage" extends="ajax.definition">
		<put-attribute name="body"
			value="/content/jsp/comepitiveanalysis/vUploaded.jsp" />
	</definition>
	<definition name="showChuData" extends="ajax.definition">
		<put-attribute name="body"
			value="/content/jsp/comepitiveanalysis/vShowChuData.jsp" />
	</definition>
	<definition name="viewSavedData" extends="ajax.definition">
		<put-attribute name="body"
			value="/content/jsp/comepitiveanalysis/vShowChuData.jsp" />
		<!--<put-attribute name="body" value="/content/jsp/comepitiveanalysis/vSavedData.jsp" 
			/> -->
	</definition>

	<definition name="viewSavedData5" extends="base.definition">
		<put-attribute name="header" value="" />
		<put-attribute name="body"
			value="/content/jsp/comepitiveanalysis/vShowChuData.jsp" />
	</definition>
	<definition name="viewModalityOne" extends="ajax.definition">
		<put-attribute name="body"
			value="/content/jsp/settings/vSettingsModalityOne.jsp" />
	</definition>
	<definition name="modalityOneResult" extends="ajax.definition">
		<put-attribute name="body"
			value="/content/jsp/settings/vSettingsModalityOneResult.jsp" />
	</definition>

	<definition name="viewModalityTwo" extends="ajax.definition">
		<put-attribute name="body"
			value="/content/jsp/settings/vSettingsModalityTwo.jsp" />
	</definition>
	<definition name="modalityTwoResult" extends="ajax.definition">
		<put-attribute name="body"
			value="/content/jsp/settings/vSettingsModalityTwoResult.jsp" />
	</definition>
	<definition name="viewSubModality" extends="ajax.definition">
		<put-attribute name="body"
			value="/content/jsp/settings/vSettingsSubModality.jsp" />
	</definition>
	<definition name="subModalityResult" extends="ajax.definition">
		<put-attribute name="body"
			value="/content/jsp/settings/vSettingsSubModalityResult.jsp" />
	</definition>
	<definition name="viewSegment" extends="ajax.definition">
		<put-attribute name="body"
			value="/content/jsp/settings/vSettingsSegment.jsp" />
	</definition>
	<definition name="segmentResult" extends="ajax.definition">
		<put-attribute name="body"
			value="/content/jsp/settings/vSettingsSegmentResult.jsp" />
	</definition>
	<definition name="viewProduct" extends="ajax.definition">
		<put-attribute name="body"
			value="/content/jsp/settings/vSettingsProduct.jsp" />
	</definition>
	<definition name="productResult" extends="ajax.definition">
		<put-attribute name="body"
			value="/content/jsp/settings/vSettingsProductResult.jsp" />
	</definition>
	<definition name="viewSubRegions" extends="ajax.definition">
		<put-attribute name="body"
			value="/content/jsp/views/vloadRegionData.jsp" />
	</definition>
	<definition name="subModalityForView" extends="ajax.definition">
		<put-attribute name="body"
			value="/content/jsp/views/vLoadSubModality.jsp" />
	</definition>

	<definition name="uploadError" extends="data.definition">
		<put-attribute name="body"
			value="/content/jsp/comepitiveanalysis/vUploadError.jsp" />
	</definition>
	<definition name="UploadedSucces" extends="data.definition">
		<put-attribute name="body"
			value="/content/jsp/comepitiveanalysis/vUploaded.jsp" />
	</definition>

	<definition name="uploadedChuData" extends="data.definition">
		<put-attribute name="body"
			value="/content/jsp/comepitiveanalysis/vCompetitiveTemplateDownload.jsp" />
	</definition>



	<!-- ***wireframe**** -->

<definition name="wieBull"  extends="base.definition">
	<put-attribute name="body" value="/content/jsp/turbine/wieBull.jsp" />
</definition>

<definition name="turbineWiseList"  extends="base.definition">
	 
	<put-attribute name="body" value="/content/jsp/turbine/turbineWiseSelection.jsp" />
</definition>
	
	
	
<definition name="AlarmDetectionChart"  extends="base.definition">
	
	<put-attribute name="body" value="/content/jsp/home/alarmDetectionChart.jsp" />
</definition>

	<definition name="turboChartPage" extends="base.definition">

		<put-attribute name="body"
			value="/content/jsp/home/turboOperationMatrices.jsp" />
	</definition>

	<definition name="turbineStatus" extends="base.definition">
		<put-attribute name="menu" value="" />
		<put-attribute name="body"
			value="/content/jsp/home/turbineStatus.jsp" />
	</definition>

	<definition name="turboGrpVals" extends="base.definition">

		<put-attribute name="body"
			value="/content/jsp/graphPgs/turbogrph.jsp" />
	</definition>


	<definition name="DTFailureChartPage" extends="base.definition">

		<put-attribute name="body"
			value="/content/jsp/home/dTFailureChart.jsp" />
	</definition>



<definition name="siteComparision"  extends="base.definition">
	<put-attribute name="body" value="/content/jsp/home/siteComparision.jsp" />
</definition>


<definition name="MaintenanceCostAndDT"  extends="base.definition">
	<put-attribute name="body" value="/content/jsp/home/MaintenanceCostAndDT.jsp" />
</definition>


	<definition name="DTFailureGraphVals" extends="base.definition">

		<put-attribute name="body"
			value="/content/jsp/graphPgs/dTFailuregrph.jsp" />
	</definition>

	<definition name="turbineDrillToPie" extends="base.definition">

		<put-attribute name="body"
			value="/content/jsp/turbine/turbineReliabilityDrilToPi.jsp" />
	</definition>

	<definition name="turbineWiseList" extends="base.definition">

		<put-attribute name="body"
			value="/content/jsp/turbine/turbineWiseSelection.jsp" />
	</definition>



	<definition name="AlarmDetectionChart" extends="base.definition">

		<put-attribute name="body"
			value="/content/jsp/home/alarmDetectionChart.jsp" />
	</definition>



	<definition name="TurbinePerformanceChart" extends="base.definition">

		<put-attribute name="body"
			value="/content/jsp/home/turbinePerformanceChart.jsp" />
	</definition>



<definition name="criticalForecast"  extends="base.definition">	 
	<put-attribute name="body" value="/content/jsp/home/vCriticalForecast.jsp" />
</definition>

	<definition name="DTFailureClassesAndWeather" extends="base.definition">
		<put-attribute name="body"
			value="/content/jsp/home/dtFailureClassesAndWeather.jsp" />
	</definition>

	<definition name="failureAndMaintenanceCost" extends="base.definition">
		<put-attribute name="body"
			value="/content/jsp/home/failureAndMaintenanceCost.jsp" />
	</definition>



	<definition name="failure" extends="base.definition">
		<put-attribute name="body" value="/content/jsp/home/failure.jsp" />
	</definition>


	<definition name="MaintenanceCostAndDT" extends="base.definition">
		<put-attribute name="body"
			value="/content/jsp/home/MaintenanceCostAndDT.jsp" />
	</definition>


	<definition name="PMQuadrantChart" extends="base.definition">

		<put-attribute name="body"
			value="/content/jsp/home/plannedMainQuadrant.jsp" />
	</definition>

<definition name="failureByPartLife" extends="base.definition">

		<put-attribute name="body"
			value="/content/jsp/home/failureByPartLife.jsp" />
	</definition>

	<definition name="downTime" extends="base.definition">

		<put-attribute name="body" value="/content/jsp/home/downTime.jsp" />
	</definition>

	<definition name="failureV1" extends="base.definition">

		<put-attribute name="body"
			value="/content/jsp/home/failureRateV1.jsp" />
	</definition>


	<definition name="failureV2" extends="base.definition">

		<put-attribute name="body"
			value="/content/jsp/home/failureRateV2.jsp" />
	</definition>

	<definition name="FailureV1GraphVals" extends="base.definition">

		<put-attribute name="body"
			value="/content/jsp/graphPgs/FailuregrphV1.jsp" />
	</definition>
	<definition name="FailureV2GraphVals" extends="base.definition">

		<put-attribute name="body"
			value="/content/jsp/graphPgs/FailuregrphV2.jsp" />
	</definition>






	<definition name="FailureRateAndDowntime" extends="base.definition">

		<put-attribute name="body"
			value="/content/jsp/home/failureRateAndDowntime.jsp" />
	</definition>

	<definition name="alarmDetectionData" extends="base.definition">

		<put-attribute name="body"
			value="/content/jsp/graphPgs/alarmDetectionGraphData.jsp" />
	</definition>



	<definition name="turboChartPageR" extends="base.definition">

		<put-attribute name="body"
			value="/content/jsp/home/turboOperationMatricesNotOkRed.jsp" />
	</definition>

	<definition name="turboChartPageB" extends="base.definition">

		<put-attribute name="body"
			value="/content/jsp/home/turboOperationMatricesNotOkBlack.jsp" />
	</definition>

	<definition name="filterPage" extends="base.definition">

		<put-attribute name="body" value="/content/jsp/home/filter.jsp" />
	</definition>
	
	<!-- <definition name="filterPage" extends="base.definition">

		<put-attribute name="body" value="/content/html/filter.html" />
	</definition> -->

	<definition name="decisionTree" extends="base.definition">
		<put-attribute name="body" value="/content/jsp/home/decisionTree.jsp" />
	</definition>

    <definition name="EGT" extends="base.definition">
	    <put-attribute name="body" value="/content/jsp/home/chartEGT.jsp" />
     </definition>
     
      <definition name="EGTRed" extends="base.definition">
	    <put-attribute name="body" value="/content/jsp/home/chartEGTRed.jsp" />
     </definition>
     
     <definition name="EGTBlack" extends="base.definition">
	    <put-attribute name="body" value="/content/jsp/home/chartEGTBlack.jsp" />
     </definition>

</tiles-definitions>


 
