<?xml version="1.0" encoding="UTF-8"?>
<beans:beans xmlns="http://www.springframework.org/schema/mvc"
	xmlns:xsi="http://www.w3.org/2001/XMLSchema-instance"
	xmlns:beans="http://www.springframework.org/schema/beans"
	xmlns:context="http://www.springframework.org/schema/context"
	xsi:schemaLocation="http://www.springframework.org/schema/mvc http://www.springframework.org/schema/mvc/spring-mvc.xsd
		http://www.springframework.org/schema/beans http://www.springframework.org/schema/beans/spring-beans.xsd
		http://www.springframework.org/schema/context http://www.springframework.org/schema/context/spring-context.xsd">

	<!-- DispatcherServlet Context: defines this servlet's request-processing infrastructure -->
	
	<!-- Enables the Spring MVC @Controller programming model -->
	<annotation-driven />

	<!-- Handles HTTP GET requests for /resources/** by efficiently serving up static resources in the ${webappRoot}/resources directory -->
	<resources mapping="/resources/**" location="/resources/" />

	<!-- Resolves views selected for rendering by @Controllers to .jsp resources in the /WEB-INF/views directory -->
	<beans:bean class="org.springframework.web.servlet.view.InternalResourceViewResolver">
		<beans:property name="prefix" value="/WEB-INF/views/" />
		<beans:property name="suffix" value=".jsp" />
	</beans:bean>
	
	<context:component-scan base-package="com.kohls,com.bpm.activiti,org.workflow" />

	<!-- Work Flow Configurations -->
		
	
	<beans:bean 
    class="org.springframework.beans.factory.config.PropertyPlaceholderConfigurer">
    <beans:property name="ignoreUnresolvablePlaceholders" value="true"/>
    
    <beans:property name="locations" >
        <beans:list>
            <beans:value>file:///D:/praveen activiti project/vcsconfig/vcsappconfig.properties</beans:value>
            <beans:value>file:///D:/praveen activiti project/vcsconfig/wfdatabase.properties</beans:value>
            <beans:value>file:///D:/praveen activiti project/vcsconfig/vcsdatabase.properties</beans:value>
        </beans:list>
    </beans:property>
       

</beans:bean> 
<beans:bean id="printerProps" class="org.springframework.beans.factory.config.PropertiesFactoryBean">
  <beans:property name="location" value="file:///D:/praveen activiti project/vcsconfig/wfdatabase.properties"/>
</beans:bean>
	<beans:bean id="datasource_read" class="org.apache.commons.dbcp.BasicDataSource">
  <beans:property name="driverClassName" value="${jdbc.driverClassName}" />
  <beans:property name="url" value="${jdbc.databaseurl}" />
  <beans:property name="username" value="${jdbc.username}" />
  <beans:property name="password" value="${jdbc.password}" />
  <beans:property name="initialSize" value="50" />
  <beans:property name="testOnBorrow" value="true" />
  <beans:property name="validationQuery" value="Select 1"/>
  <beans:property name="minIdle" value="1" />
  <beans:property name="maxIdle" value="500" />
  <beans:property name="maxWait" value="10000" />
 </beans:bean>
 
 <beans:bean id="jdbcTemplate" class="org.springframework.jdbc.core.JdbcTemplate">
  <beans:property name="dataSource" ref="datasource_read" />
 </beans:bean>
  <beans:bean id="activiti_dataSource" class="org.springframework.jdbc.datasource.SimpleDriverDataSource">
    <beans:property name="driverClass" value="${wf.driverClassName}" />
    <beans:property name="url" value="${wf.databaseurl}" />
    <beans:property name="username" value="${wf.username}" />
    <beans:property name="password" value="${wf.password}" />
  </beans:bean>

  <beans:bean id="transactionManager" class="org.springframework.jdbc.datasource.DataSourceTransactionManager">
    <beans:property name="dataSource" ref="activiti_dataSource" />
  </beans:bean>

  <beans:bean id="processEngineConfiguration" class="org.activiti.spring.SpringProcessEngineConfiguration">
    <beans:property name="dataSource" ref="activiti_dataSource" />
    <beans:property name="transactionManager" ref="transactionManager" />
    <beans:property name="databaseSchemaUpdate" value="true" />
    <beans:property name="jobExecutorActivate" value="false" />
    <beans:property name="asyncExecutorEnabled" value="false" />
    <beans:property name="asyncExecutorActivate" value="false" />
    <beans:property name="deploymentResources" value="classpath*:/activiti/*.bpmn" />
    <beans:property name="deploymentMode" value="single-resource" />
    <beans:property name="deploymentName" value="vcs" />
     <beans:property name="mailServerHost" value="smtp.gmail.com" />
     <beans:property name="mailServerPort" value="587" />
      
       <beans:property name="mailServerUsername" value="sanjay.get01@gmail.com" />
        <beans:property name="mailServerUseTLS" value="true" />
       
        <beans:property name="mailServerPassword" value="hemalatha614" />
     
    
    
  </beans:bean>

  <beans:bean id="processEngine" class="org.activiti.spring.ProcessEngineFactoryBean">
    <beans:property name="processEngineConfiguration" ref="processEngineConfiguration" />
  </beans:bean>

  <beans:bean id="repositoryService" factory-bean="processEngine" factory-method="getRepositoryService" />
  <beans:bean id="runtimeService" factory-bean="processEngine" factory-method="getRuntimeService" />
  <beans:bean id="taskService" factory-bean="processEngine" factory-method="getTaskService" />
  <beans:bean id="historyService" factory-bean="processEngine" factory-method="getHistoryService" />
  <beans:bean id="managementService" factory-bean="processEngine" factory-method="getManagementService" />
   <beans:bean id="identityService" factory-bean="processEngine" factory-method="getIdentityService" />
    <beans:bean id="formService" factory-bean="processEngine" factory-method="getFormService" />	

	<beans:bean id="multipartResolver"
		class="org.springframework.web.multipart.commons.CommonsMultipartResolver">

		 <!-- setting maximum upload size 5mb:5242880 -->
		<beans:property name="maxUploadSize" value="5242880" />

	</beans:bean>
	
	
</beans:beans>
