<?xml version="1.0" encoding="UTF-8"?>
<!DOCTYPE hibernate-configuration PUBLIC
		"-//Hibernate/Hibernate Configuration DTD 3.0//EN"
		"http://hibernate.sourceforge.net/hibernate-configuration-3.0.dtd">
<hibernate-configuration>
    <session-factory>
        <property name="hibernate.connection.driver_class">org.postgresql.Driver</property>
        <property name="hibernate.connection.password">root</property>
        <property name="hibernate.connection.url">jdbc:postgresql://localhost:3120/postgres</property>
        <property name="hibernate.connection.username">postgres</property>
        <property name="hibernate.dialect">org.hibernate.dialect.PostgreSQLDialect</property>
        <property name="hibernate.hbm2ddl.auto">create</property>
        <property name="hibernate.show_sql">true</property>
        <mapping class="main.java.book.Book"/>
        <mapping class="main.java.lifecycle_data_model.Lifecycle"/>
        <mapping class="main.java.parts_price_info.PartsInfo"/>
        <mapping class="main.java.forecasting_factors.ForecastingFactors"/>
    </session-factory>
</hibernate-configuration>
