<?xml version="1.0" encoding="UTF-8"?>
<beans xmlns="http://www.springframework.org/schema/beans"
	xmlns:xsi="http://www.w3.org/2001/XMLSchema-instance" 
        xmlns:context="http://www.springframework.org/schema/context"
	xsi:schemaLocation="http://www.springframework.org/schema/beans 
 	http://www.springframework.org/schema/beans/spring-beans-3.1.xsd  
   	http://www.springframework.org/schema/context
   	http://www.springframework.org/schema/context/spring-context-3.1.xsd">
 
  <bean id="dataSource"
  class="org.springframework.jdbc.datasource.DriverManagerDataSource">
  <property name="driverClassName" value="oracle.jdbc.driver.OracleDriver" />
  <property name="url" value="jdbc:oracle:thin:@rs25edp.np.ge.com:1544:gpsogd52" />
  <property name="username" value="ibas" />
  <property name="password" value="ibas" />
 </bean>
 
 <bean id="jdbcTemplate" class="org.springframework.jdbc.core.JdbcTemplate">
        <property name="dataSource" ref="dataSource"/>
    </bean>
 
</beans>