<?xml version="1.0" encoding="UTF-8"?>
<xmi:XMI xmi:version="2.0" xmlns:xmi="http://www.omg.org/XMI" xmlns:namebindings="http://www.ibm.com/websphere/appserver/schemas/5.0/namebindings.xmi">
  <namebindings:StringNameSpaceBinding xmi:id="StringNameSpaceBinding_1" name="localhost_server.cics.gatewayname" nameInNameSpace="JNDI/localhost/server.cics.gatewayname" stringToBind="198.187.113.95"/>
  <namebindings:StringNameSpaceBinding xmi:id="StringNameSpaceBinding_2" name="localhost_server.cics.servername" nameInNameSpace="JNDI/localhost/server.cics.servername" stringToBind="QCPCICSK"/>
  <namebindings:StringNameSpaceBinding xmi:id="StringNameSpaceBinding_3" name="localhost_server.cics.port" nameInNameSpace="JNDI/localhost/server.cics.port" stringToBind="2016"/>
  <namebindings:StringNameSpaceBinding xmi:id="StringNameSpaceBinding_4" name="localhost_server.cmx.cics.sharing.size" nameInNameSpace="JNDI/localhost/server.cmx.cics.sharing.size" stringToBind="5"/>
  <namebindings:StringNameSpaceBinding xmi:id="StringNameSpaceBinding_5" name="localhost_csd.server.cics.gatewayname" nameInNameSpace="JNDI/localhost/csd.server.cics.gatewayname" stringToBind="198.187.113.95"/>
  <namebindings:StringNameSpaceBinding xmi:id="StringNameSpaceBinding_6" name="localhost_csd.server.cics.servername" nameInNameSpace="JNDI/localhost/csd.server.cics.servername" stringToBind="QCPCICSF"/>
  <namebindings:StringNameSpaceBinding xmi:id="StringNameSpaceBinding_7" name="localhost_csd.server.cics.port" nameInNameSpace="JNDI/localhost/csd.server.cics.port" stringToBind="2016"/>
  <namebindings:StringNameSpaceBinding xmi:id="StringNameSpaceBinding_8" name="localhost_csd.server.cmx.cics.sharing.size" nameInNameSpace="JNDI/localhost/csd.server.cmx.cics.sharing.size" stringToBind="5"/>
  <namebindings:StringNameSpaceBinding xmi:id="StringNameSpaceBinding_9" name="localhost_datasource.SCHEMA_QUALIFIER" nameInNameSpace="JNDI/localhost/datasource.SCHEMA_QUALIFIER" stringToBind="QCPDS3A"/>
  <namebindings:StringNameSpaceBinding xmi:id="StringNameSpaceBinding_10" name="localhost_datasource.SCHEMA_QUALIFIER_ELIG" nameInNameSpace="JNDI/localhost/datasource.SCHEMA_QUALIFIER_ELIG" stringToBind="QCPDS3A"/>
  <namebindings:StringNameSpaceBinding xmi:id="StringNameSpaceBinding_11" name="localhost_securewebemail.mail.host" nameInNameSpace="JNDI/localhost/securewebemail.mail.host" stringToBind="AZSHMLP71.Caremarkrx.net"/>
  <namebindings:StringNameSpaceBinding xmi:id="StringNameSpaceBinding_12" name="localhost_securewebemail.mail.user" nameInNameSpace="JNDI/localhost/securewebemail.mail.user" stringToBind="CAREMARKRX/RS7001"/>
  <namebindings:StringNameSpaceBinding xmi:id="StringNameSpaceBinding_13" name="localhost_securewebemail.mail.password" nameInNameSpace="JNDI/localhost/securewebemail.mail.password" stringToBind="Testspm@123"/>
  <namebindings:StringNameSpaceBinding xmi:id="StringNameSpaceBinding_14" name="localhost_securewebemail.mail.smtp.host" nameInNameSpace="JNDI/localhost/securewebemail.mail.smtp.host" stringToBind="PAZ1TRENDVIP.Caremarkrx.net"/>
  <namebindings:StringNameSpaceBinding xmi:id="StringNameSpaceBinding_15" name="localhost_securewebemail.mail.peek.frequency" nameInNameSpace="JNDI/localhost/securewebemail.mail.peek.frequency" stringToBind="2000"/>
  <namebindings:StringNameSpaceBinding xmi:id="StringNameSpaceBinding_16" name="localhost_securewebemail.mail.askrph.recipient.address" nameInNameSpace="JNDI/localhost/securewebemail.mail.askrph.recipient.address" stringToBind="humptydumpty@caremark.com"/>
  <namebindings:StringNameSpaceBinding xmi:id="StringNameSpaceBinding_17" name="localhost_securewebemail.mail.custsvc.recipient.address" nameInNameSpace="JNDI/localhost/securewebemail.mail.custsvc.recipient.address" stringToBind="humptydumpty@caremark.com"/>
  <namebindings:StringNameSpaceBinding xmi:id="StringNameSpaceBinding_18" name="localhost_securewebemail.mail.default.outbound.address" nameInNameSpace="JNDI/localhost/securewebemail.mail.default.outbound.address" stringToBind="testcustsvc@caremark.com"/>
  <namebindings:StringNameSpaceBinding xmi:id="StringNameSpaceBinding_19" name="localhost_securewebemail.mail.default.cts.enrollment.address" nameInNameSpace="JNDI/localhost/securewebemail.mail.default.cts.enrollment.address" stringToBind="judy.diamond@caremark.com"/>
  <namebindings:StringNameSpaceBinding xmi:id="StringNameSpaceBinding_20" name="localhost_securewebemail.mail.default.contact.caremark.address" nameInNameSpace="JNDI/localhost/securewebemail.mail.default.contact.caremark.address" stringToBind="testcustsvc@caremark.com"/>
  <namebindings:StringNameSpaceBinding xmi:id="StringNameSpaceBinding_21" name="localhost_securewebemail.mail.default.requestid.address" nameInNameSpace="JNDI/localhost/securewebemail.mail.default.requestid.address" stringToBind="judy.diamond@caremark.com"/>
  <namebindings:StringNameSpaceBinding xmi:id="StringNameSpaceBinding_22" name="localhost_securewebemail.mail.welcome.message.messageid" nameInNameSpace="JNDI/localhost/securewebemail.mail.welcome.message.messageid" stringToBind="1212"/>
  <namebindings:StringNameSpaceBinding xmi:id="StringNameSpaceBinding_23" name="localhost_securewebemail.spm.db.user.name" nameInNameSpace="JNDI/localhost/securewebemail.spm.db.user.name" stringToBind="spmtest"/>
  <namebindings:StringNameSpaceBinding xmi:id="StringNameSpaceBinding_24" name="localhost_securewebemail.mail.apcs.contact.caremark.address" nameInNameSpace="JNDI/localhost/securewebemail.mail.apcs.contact.caremark.address" stringToBind="test.apcs@caremark.com"/>
  <namebindings:StringNameSpaceBinding xmi:id="StringNameSpaceBinding_25" name="localhost_securewebemail.mail.apcs.auth.address" nameInNameSpace="JNDI/localhost/securewebemail.mail.apcs.auth.address" stringToBind="test.apcs@caremark.com"/>
  <namebindings:StringNameSpaceBinding xmi:id="StringNameSpaceBinding_26" name="localhost_securewebemail.mail.client.address.feprx" nameInNameSpace="JNDI/localhost/securewebemail.mail.client.address.feprx" stringToBind="test.fep@caremark.com"/>
  <namebindings:StringNameSpaceBinding xmi:id="StringNameSpaceBinding_27" name="localhost_securewebemail.mail.client.address.x7007" nameInNameSpace="JNDI/localhost/securewebemail.mail.client.address.x7007" stringToBind="test.empire-nys@caremark.com"/>
  <namebindings:StringNameSpaceBinding xmi:id="StringNameSpaceBinding_28" name="localhost_securewebemail.mail.nonauth.contact.caremark.address" nameInNameSpace="JNDI/localhost/securewebemail.mail.nonauth.contact.caremark.address" stringToBind="humptydumpty@caremark.com"/>
  <namebindings:StringNameSpaceBinding xmi:id="StringNameSpaceBinding_29" name="localhost_securewebemail.mail.medicare.contact.caremark.address" nameInNameSpace="JNDI/localhost/securewebemail.mail.medicare.contact.caremark.address" stringToBind="humptydumpty@caremark.com"/>
  <namebindings:StringNameSpaceBinding xmi:id="StringNameSpaceBinding_33" name="localhost_command.url" nameInNameSpace="JNDI/localhost/command.url" stringToBind="http://tstptl2.caremarkrx.net:10040/wps/portal/.cmd/em"/>
  <namebindings:StringNameSpaceBinding xmi:id="StringNameSpaceBinding_34" name="localhost_portal.sso.SSO_KEY_STORE" nameInNameSpace="JNDI/localhost/portal.sso.SSO_KEY_STORE" stringToBind="/appl/portal_server/vers/resources/portal/keystores/SSOKeyStoreQa.jks"/>
  <namebindings:StringNameSpaceBinding xmi:id="StringNameSpaceBinding_35" name="localhost_portal.sso.SSO_APCS_FILE" nameInNameSpace="JNDI/localhost/portal.sso.SSO_APCS_FILE" stringToBind="com/caremark/portal/service/cryptography/SSOTokenQa.jks"/>
  <namebindings:StringNameSpaceBinding xmi:id="StringNameSpaceBinding_36" name="localhost_delegatefactory.trace" nameInNameSpace="JNDI/localhost/delegatefactory.trace" stringToBind="true"/>
  <namebindings:StringNameSpaceBinding xmi:id="StringNameSpaceBinding_37" name="localhost_emailservice.mail.smtp.host" nameInNameSpace="JNDI/localhost/emailservice.mail.smtp.host" stringToBind="PAZ1TRENDVIP.Caremarkrx.net"/>
  <!--
  <namebindings:StringNameSpaceBinding xmi:id="StringNameSpaceBinding_38" name="localhost_ldap.ProviderURL" nameInNameSpace="JNDI/localhost/ldap.ProviderURL" stringToBind="ldaps://tsteds2.caremarkrx.net:391"/>
  <namebindings:StringNameSpaceBinding xmi:id="StringNameSpaceBinding_39" name="localhost_ldap.Principal" nameInNameSpace="JNDI/localhost/ldap.Principal" stringToBind="uid=ParticipantDSUser,cn=participant,cn=people,dc=caremark,dc=com"/>
  <namebindings:StringNameSpaceBinding xmi:id="StringNameSpaceBinding_40" name="localhost_ldap.Credentials" nameInNameSpace="JNDI/localhost/ldap.Credentials" stringToBind="password"/>
  -->

  <namebindings:StringNameSpaceBinding xmi:id="StringNameSpaceBinding_38" name="localhost_ldap.ProviderURL" nameInNameSpace="JNDI/localhost/ldap.ProviderURL" stringToBind="ldap://tsteds2.caremarkrx.net:391" /> 
  <namebindings:StringNameSpaceBinding xmi:id="StringNameSpaceBinding_39" name="localhost_ldap.Principal" nameInNameSpace="JNDI/localhost/ldap.Principal" stringToBind="uid=ParticipantDSUser,cn=participant,cn=people,dc=caremark,dc=com" /> 
  <namebindings:StringNameSpaceBinding xmi:id="StringNameSpaceBinding_40" name="localhost_ldap.Credentials" nameInNameSpace="JNDI/localhost/ldap.Credentials" stringToBind="password" /> 

  <namebindings:StringNameSpaceBinding xmi:id="StringNameSpaceBinding_41" name="localhost_loginurls.StartPageCode.0" nameInNameSpace="JNDI/localhost/loginurls.StartPageCode.0" stringToBind="HOMEPAGE"/>
  <namebindings:StringNameSpaceBinding xmi:id="StringNameSpaceBinding_42" name="localhost_loginurls.StartPageCode.1" nameInNameSpace="JNDI/localhost/loginurls.StartPageCode.1" stringToBind="HOMEPAGE"/>
  <namebindings:StringNameSpaceBinding xmi:id="StringNameSpaceBinding_43" name="localhost_loginurls.StartPageCode.2" nameInNameSpace="JNDI/localhost/loginurls.StartPageCode.2" stringToBind="HOMEPAGE"/>
  <namebindings:StringNameSpaceBinding xmi:id="StringNameSpaceBinding_44" name="localhost_loginurls.StartPageCode.3" nameInNameSpace="JNDI/localhost/loginurls.StartPageCode.3" stringToBind="HOMEPAGE"/>
  <namebindings:StringNameSpaceBinding xmi:id="StringNameSpaceBinding_45" name="localhost_loginurls.StartPageCode.4" nameInNameSpace="JNDI/localhost/loginurls.StartPageCode.4" stringToBind="HOMEPAGE"/>
  <namebindings:StringNameSpaceBinding xmi:id="StringNameSpaceBinding_46" name="localhost_loginurls.StartPageCode.5" nameInNameSpace="JNDI/localhost/loginurls.StartPageCode.5" stringToBind="HOMEPAGE"/>
  <namebindings:StringNameSpaceBinding xmi:id="StringNameSpaceBinding_47" name="localhost_loginurls.StartPageCode.6" nameInNameSpace="JNDI/localhost/loginurls.StartPageCode.6" stringToBind="HOMEPAGE"/>
  <namebindings:StringNameSpaceBinding xmi:id="StringNameSpaceBinding_48" name="localhost_loginurls.StartPageCode.7" nameInNameSpace="JNDI/localhost/loginurls.StartPageCode.7" stringToBind="HOMEPAGE"/>
  <namebindings:StringNameSpaceBinding xmi:id="StringNameSpaceBinding_49" name="localhost_loginurls.RegistrationPage" nameInNameSpace="JNDI/localhost/loginurls.RegistrationPage" stringToBind="/myportal/_s.155/2501"/>
  <namebindings:StringNameSpaceBinding xmi:id="StringNameSpaceBinding_49a" name="localhost_loginurls.NewRegistrationPage" nameInNameSpace="JNDI/localhost/loginurls.NewRegistrationPage" stringToBind="/portal/_s.155/8189"/>
  <namebindings:StringNameSpaceBinding xmi:id="StringNameSpaceBinding_49b" name="localhost_loginurls.FramingRegistrationPage" nameInNameSpace="JNDI/localhost/loginurls.FramingRegistrationPage" stringToBind="/portal/_s.155/12970"/>
  <namebindings:StringNameSpaceBinding xmi:id="StringNameSpaceBinding_50" name="localhost_loginurls.LoginPage" nameInNameSpace="JNDI/localhost/loginurls.LoginPage" stringToBind="LOGIN"/>
  <namebindings:StringNameSpaceBinding xmi:id="StringNameSpaceBinding_51" name="localhost_loginurls.AdministrationPage" nameInNameSpace="JNDI/localhost/loginurls.AdministrationPage" stringToBind="/myportal/_s.155/165"/>
  <namebindings:StringNameSpaceBinding xmi:id="StringNameSpaceBinding_52" name="localhost_mad.endPoint" nameInNameSpace="JNDI/localhost/mad.endPoint" stringToBind="http://dev2aws.caremark.com"/>
  <namebindings:StringNameSpaceBinding xmi:id="StringNameSpaceBinding_53" name="localhost_trace.log.method.duration" nameInNameSpace="JNDI/localhost/trace.log.method.duration" stringToBind="true"/>
  <namebindings:StringNameSpaceBinding xmi:id="StringNameSpaceBinding_54" name="localhost_link.STELLENT_SERVICE_URI" nameInNameSpace="JNDI/localhost/link.STELLENT_SERVICE_URI" stringToBind="/wps/portal/_s.155/4015"/>
  <namebindings:StringNameSpaceBinding xmi:id="StringNameSpaceBinding_55" name="localhost_link.STELLENT_CONTENT_PORTLETS_LINK" nameInNameSpace="JNDI/localhost/link.STELLENT_CONTENT_PORTLETS_LINK" stringToBind="/wps/WPS_PA_4901"/>
  <namebindings:StringNameSpaceBinding xmi:id="StringNameSpaceBinding_56" name="localhost_servicelocator.ProviderURL" nameInNameSpace="JNDI/localhost/servicelocator.ProviderURL" stringToBind="corbaloc:iiop:localhost:2820"/>
  <namebindings:StringNameSpaceBinding xmi:id="StringNameSpaceBinding_57" name="localhost_servicelocator.RemoteHomeJNDIPrefix" nameInNameSpace="JNDI/localhost/servicelocator.RemoteHomeJNDIPrefix" stringToBind="ejb/"/>
  <namebindings:StringNameSpaceBinding xmi:id="StringNameSpaceBinding_58" name="localhost_servicelocator.CSDProviderURL" nameInNameSpace="JNDI/localhost/servicelocator.CSDProviderURL" stringToBind="corbaloc:iiop:tstptl2:2810"/>
  <namebindings:StringNameSpaceBinding xmi:id="StringNameSpaceBinding_59" name="localhost_servicelocator.CSDRemoteHomeJNDIPrefix" nameInNameSpace="JNDI/localhost/servicelocator.CSDRemoteHomeJNDIPrefix" stringToBind="cell/nodes/tstptl2/servers/Caremark_Services/ejb/"/>
  <namebindings:StringNameSpaceBinding xmi:id="StringNameSpaceBinding_60" name="localhost_servicelocator.ECSJNDIPrefix" nameInNameSpace="JNDI/localhost/servicelocator.ECSJNDIPrefix" stringToBind="cell/nodes/adtecs1/servers/server1/4_0/ejb/"/>
  <namebindings:StringNameSpaceBinding xmi:id="StringNameSpaceBinding_61" name="localhost_servicelocator.ECSServer" nameInNameSpace="JNDI/localhost/servicelocator.ECSServer" stringToBind="tstecs2c"/>
  <namebindings:StringNameSpaceBinding xmi:id="StringNameSpaceBinding_62" name="localhost_servicelocator.ECSPort" nameInNameSpace="JNDI/localhost/servicelocator.ECSPort" stringToBind="23272"/>
  <namebindings:StringNameSpaceBinding xmi:id="StringNameSpaceBinding_63" name="localhost_servicelocator.ECSUser" nameInNameSpace="JNDI/localhost/servicelocator.ECSUser" stringToBind="adt_portal"/>
  <namebindings:StringNameSpaceBinding xmi:id="StringNameSpaceBinding_64" name="localhost_servicelocator.ECSPassword" nameInNameSpace="JNDI/localhost/servicelocator.ECSPassword" stringToBind="adt1portal"/>
  <namebindings:StringNameSpaceBinding xmi:id="StringNameSpaceBinding_65" name="localhost_servicelocator.ECSRealm" nameInNameSpace="JNDI/localhost/servicelocator.ECSRealm" stringToBind="adtecswas1"/>
  <namebindings:StringNameSpaceBinding xmi:id="StringNameSpaceBinding_66" name="localhost_servicelocator.ECSVersion" nameInNameSpace="JNDI/localhost/servicelocator.ECSVersion" stringToBind="4_0"/>
  <namebindings:StringNameSpaceBinding xmi:id="StringNameSpaceBinding_67" name="localhost_servicelocator.ECSClientTraceLevel" nameInNameSpace="JNDI/localhost/servicelocator.ECSClientTraceLevel" stringToBind="4"/>
  <namebindings:StringNameSpaceBinding xmi:id="StringNameSpaceBinding_68" name="localhost_ConnectionManager.Infra.JdbcUrl" nameInNameSpace="JNDI/localhost/ConnectionManager.Infra.JdbcUrl" stringToBind="jdbc:db2:DSN2"/>
  <namebindings:StringNameSpaceBinding xmi:id="StringNameSpaceBinding_69" name="localhost_ConnectionManager.Infra.UserId" nameInNameSpace="JNDI/localhost/ConnectionManager.Infra.UserId" stringToBind="qcpu89i"/>
  <namebindings:StringNameSpaceBinding xmi:id="StringNameSpaceBinding_70" name="localhost_ConnectionManager.Infra.Password" nameInNameSpace="JNDI/localhost/ConnectionManager.Infra.Password" stringToBind="tstng22"/>
  <namebindings:StringNameSpaceBinding xmi:id="StringNameSpaceBinding_71" name="localhost_ConnectionManager.Portal.JdbcUrl" nameInNameSpace="JNDI/localhost/ConnectionManager.Portal.JdbcUrl" stringToBind="jdbc:db2:DSN2"/>
  <namebindings:StringNameSpaceBinding xmi:id="StringNameSpaceBinding_72" name="localhost_ConnectionManager.Portal.UserId" nameInNameSpace="JNDI/localhost/ConnectionManager.Portal.UserId" stringToBind="qcpu89i"/>
  <namebindings:StringNameSpaceBinding xmi:id="StringNameSpaceBinding_73" name="localhost_ConnectionManager.Portal.Password" nameInNameSpace="JNDI/localhost/ConnectionManager.Portal.Password" stringToBind="tstng22"/>
  <namebindings:StringNameSpaceBinding xmi:id="StringNameSpaceBinding_77" name="localhost_ConnectionManager.PortalUDB.JdbcUrl" nameInNameSpace="JNDI/localhost/ConnectionManager.PortalUDB.JdbcUrl" stringToBind="jdbc:db2:PRTL"/>
  <namebindings:StringNameSpaceBinding xmi:id="StringNameSpaceBinding_78" name="localhost_ConnectionManager.PortalUDB.UserId" nameInNameSpace="JNDI/localhost/ConnectionManager.PortalUDB.UserId" stringToBind="prtl002"/>
  <namebindings:StringNameSpaceBinding xmi:id="StringNameSpaceBinding_79" name="localhost_ConnectionManager.PortalUDB.Password" nameInNameSpace="JNDI/localhost/ConnectionManager.PortalUDB.Password" stringToBind="common1@"/>
  <namebindings:StringNameSpaceBinding xmi:id="StringNameSpaceBinding_80" name="localhost_ConnectionManager.ChiDB.JdbcUrl" nameInNameSpace="JNDI/localhost/ConnectionManager.ChiDB.JdbcUrl" stringToBind="jdbc:db2:CHI"/>
  <namebindings:StringNameSpaceBinding xmi:id="StringNameSpaceBinding_81" name="localhost_ConnectionManager.ChiDB.UserId" nameInNameSpace="JNDI/localhost/ConnectionManager.ChiDB.UserId" stringToBind="dev2chi"/>
  <namebindings:StringNameSpaceBinding xmi:id="StringNameSpaceBinding_82" name="localhost_ConnectionManager.ChiDB.Password" nameInNameSpace="JNDI/localhost/ConnectionManager.ChiDB.Password" stringToBind="chidb123"/>
  <namebindings:StringNameSpaceBinding xmi:id="StringNameSpaceBinding_83" name="localhost_refdata.database.schema" nameInNameSpace="JNDI/localhost/refdata.database.schema" stringToBind="qcpds3a"/>
  <namebindings:StringNameSpaceBinding xmi:id="StringNameSpaceBinding_84" name="localhost_QLSecurity.security.log.file" nameInNameSpace="JNDI/localhost/QLSecurity.security.log.file" stringToBind="/appllogs/61/infrastructure/security.log"/>
  <namebindings:StringNameSpaceBinding xmi:id="StringNameSpaceBinding_85" name="localhost_QLSecurity.security.connection.httpsflag" nameInNameSpace="JNDI/localhost/QLSecurity.security.connection.httpsflag" stringToBind="n"/>
  <namebindings:StringNameSpaceBinding xmi:id="StringNameSpaceBinding_86" name="localhost_QLSecurity.QL.database.schema" nameInNameSpace="JNDI/localhost/QLSecurity.QL.database.schema" stringToBind="qcpds3a"/>
  <namebindings:StringNameSpaceBinding xmi:id="StringNameSpaceBinding_87" name="localhost_QLSecurity.QL.security.database.url" nameInNameSpace="JNDI/localhost/QLSecurity.QL.security.database.url" stringToBind="jdbc:db2:DSN2"/>
  <namebindings:StringNameSpaceBinding xmi:id="StringNameSpaceBinding_88" name="localhost_RxSecurity.security.log.file" nameInNameSpace="JNDI/localhost/RxSecurity.security.log.file" stringToBind="/appllogs/61/infrastructure/security.log"/>
  <namebindings:StringNameSpaceBinding xmi:id="StringNameSpaceBinding_89" name="localhost_log4j.appender.root.filename" nameInNameSpace="JNDI/localhost/log4j.appender.root.filename" stringToBind="/appllogs/61/portal/portal.log"/>
  <namebindings:StringNameSpaceBinding xmi:id="StringNameSpaceBinding_90" name="localhost_log4j.appender.report.filename" nameInNameSpace="JNDI/localhost/log4j.appender.report.filename" stringToBind="/appllogs/61/portal/portalReport.log"/>
  <namebindings:StringNameSpaceBinding xmi:id="StringNameSpaceBinding_91" name="localhost_log4j.logger.com.caremark.portal.commands.CmxLoginUserAuth" nameInNameSpace="JNDI/localhost/log4j.logger.com.caremark.portal.commands.CmxLoginUserAuth" stringToBind="DEBUG"/>
  <namebindings:StringNameSpaceBinding xmi:id="StringNameSpaceBinding_92" name="localhost_Customization.log.file.path" nameInNameSpace="JNDI/localhost/Customization.log.file.path" stringToBind="/appllogs/61/portal/"/>
  <namebindings:StringNameSpaceBinding xmi:id="StringNameSpaceBinding_200" name="localhost_CSD_jdbc_url_csd" nameInNameSpace="JNDI/localhost/jdbc/url/csd" stringToBind="jdbc:db2:CSDDEV"/>
  <namebindings:StringNameSpaceBinding xmi:id="StringNameSpaceBinding_201" name="localhost_CSD_jdbc_id_csd" nameInNameSpace="JNDI/localhost/jdbc/id/csd" stringToBind="cswebd"/>
  <namebindings:StringNameSpaceBinding xmi:id="StringNameSpaceBinding_202" name="localhost_CSD_jdbc_pass_csd" nameInNameSpace="JNDI/localhost/jdbc/pass/csd" stringToBind="cswebd"/>
  <namebindings:StringNameSpaceBinding xmi:id="StringNameSpaceBinding_203" name="localhost_CSD_jdbc_url_csdpers" nameInNameSpace="JNDI/localhost/jdbc/url/csdpers" stringToBind="jdbc:db2:PRTL"/>
  <namebindings:StringNameSpaceBinding xmi:id="StringNameSpaceBinding_204" name="localhost_CSD_jdbc_id_csdpers" nameInNameSpace="JNDI/localhost/jdbc/id/csdpers" stringToBind="rxr001"/>
  <namebindings:StringNameSpaceBinding xmi:id="StringNameSpaceBinding_205" name="localhost_CSD_jdbc_pass_csdpers" nameInNameSpace="JNDI/localhost/jdbc/pass/csdpers" stringToBind="seashell"/>
  <namebindings:StringNameSpaceBinding xmi:id="StringNameSpaceBinding_206" name="localhost_migration.time.offset" nameInNameSpace="JNDI/localhost/migration.time.offset" stringToBind="36000000"/>
  <namebindings:StringNameSpaceBinding xmi:id="StringNameSpaceBinding_1147865522822" name="localhost_WebSphere_Portal_environment_id" nameInNameSpace="JNDI/localhost/WebSphere_Portal/environment/id" stringToBind="test"/>
  <namebindings:StringNameSpaceBinding xmi:id="StringNameSpaceBinding_1148579858856" name="localhost_loginurls.FramingReturnURL" nameInNameSpace="JNDI/localhost/loginurls.FramingReturnURL" stringToBind="http://dev2www61maint.caremark.com/framedLogoff.html"/>
  <namebindings:StringNameSpaceBinding xmi:id="StringNameSpaceBinding_1150473652942" name="localhost_log4j.rootLoggerLevel" nameInNameSpace="JNDI/localhost/log4j.rootLoggerLevel" stringToBind="DEBUG"/>
  <namebindings:StringNameSpaceBinding xmi:id="StringNameSpaceBinding_1150749426157" name="localhost_command.AdminId" nameInNameSpace="JNDI/localhost/command.AdminId" stringToBind="wpsadmin,icmadmin,wpsbind,bpeadm,wcpadmin,cusadmin"/>
  <namebindings:StringNameSpaceBinding xmi:id="StringNameSpaceBinding_1151601304970" name="localhost_log4j.appender.console.threshold" nameInNameSpace="JNDI/localhost/log4j.appender.console.threshold" stringToBind="OFF"/>
  <namebindings:StringNameSpaceBinding xmi:id="StringNameSpaceBinding_1157585329574" name="localhost_jdbc_url_ice" nameInNameSpace="JNDI/localhost/jdbc/url/ice" stringToBind="tstdbs2"/>
  <namebindings:StringNameSpaceBinding xmi:id="StringNameSpaceBinding_1157585487604" name="localhost_jdbc_id_ice" nameInNameSpace="JNDI/localhost/jdbc/id/ice" stringToBind="iceapp"/>
  <namebindings:StringNameSpaceBinding xmi:id="StringNameSpaceBinding_1157585613921" name="localhost_jdbc_pass_ice" nameInNameSpace="JNDI/localhost/jdbc/pass/ice" stringToBind="iceapp01"/>
  <namebindings:StringNameSpaceBinding xmi:id="StringNameSpaceBinding_1157587424576" name="localhost_jdbc_id_infra" nameInNameSpace="JNDI/localhost/jdbc/id/infra" stringToBind="qcpu89i"/>
  <namebindings:StringNameSpaceBinding xmi:id="StringNameSpaceBinding_1157587510051" name="localhost_jdbc_pass_infra" nameInNameSpace="JNDI/localhost/jdbc/pass/infra" stringToBind="tstng22"/>
  <namebindings:StringNameSpaceBinding xmi:id="StringNameSpaceBinding_1157587812184" name="localhost_ice_sso_ssoserver" nameInNameSpace="JNDI/localhost/ice/sso/ssoserver" stringToBind="https://dev2www61maint.caremark.com/ICESSO/sso.do"/>
  <namebindings:StringNameSpaceBinding xmi:id="StringNameSpaceBinding_1157588053809" name="localhost_frameworks_security_pswd" nameInNameSpace="JNDI/localhost/frameworks/security/pswd" stringToBind="kalbaska"/>
  <namebindings:StringNameSpaceBinding xmi:id="StringNameSpaceBinding_1157588194721" name="localhost_ssl_flag" nameInNameSpace="JNDI/localhost/ssl/flag" stringToBind="n"/>
  <namebindings:StringNameSpaceBinding xmi:id="StringNameSpaceBinding_1157588700015" name="localhost_jdbc_url_mf" nameInNameSpace="JNDI/localhost/jdbc/url/mf" stringToBind="jdbc:db2:DSN2"/>
  <namebindings:StringNameSpaceBinding xmi:id="StringNameSpaceBinding_1157590049356" name="localhost_ice_sso_encryptionKey" nameInNameSpace="JNDI/localhost/ice/sso/encryptionKey" stringToBind="kalbaska"/>
  <namebindings:StringNameSpaceBinding xmi:id="StringNameSpaceBinding_1157647276464" name="localhost_WebSphere_Portal_jdbc_schema_security" nameInNameSpace="JNDI/localhost/WebSphere_Portal/jdbc/schema/security" stringToBind="QCPDT3A"/>
  <namebindings:StringNameSpaceBinding xmi:id="StringNameSpaceBinding_1157650313525" name="localhost_log4j.appender.ice.filename" nameInNameSpace="JNDI/localhost/log4j.appender.ice.filename" stringToBind="/appllogs/61/ice/ice.log"/>
  <namebindings:StringNameSpaceBinding xmi:id="StringNameSpaceBinding_1159455539130" name="localhost_StellentPortalContents.contentRoot" nameInNameSpace="JNDI/localhost/StellentPortalContents.contentRoot" stringToBind="/appl/portal_server/vers/contents"/>
  <namebindings:StringNameSpaceBinding xmi:id="StringNameSpaceBinding_1159455705897" name="localhost_StellentPortalContents.targetConfig" nameInNameSpace="JNDI/localhost/StellentPortalContents.targetConfig" stringToBind="/appl/portal_server/vers/contents/config/publishtarget.xml"/>
  <namebindings:StringNameSpaceBinding xmi:id="StringNameSpaceBinding_1159455852141" name="localhost_StellentPortalContents.ASSETS_WITHOUT_XML" nameInNameSpace="JNDI/localhost/StellentPortalContents.ASSETS_WITHOUT_XML" stringToBind=".pdf;.swf;.doc;.exe;.gif;.htm;.html;.properties"/>
  <namebindings:StringNameSpaceBinding xmi:id="StringNameSpaceBinding_1159456182426" name="localhost_StellentPortalContents.mail.smtp.host" nameInNameSpace="JNDI/localhost/StellentPortalContents.mail.smtp.host" stringToBind="PAZ1TRENDVIP.Caremarkrx.net"/>
  <namebindings:StringNameSpaceBinding xmi:id="StringNameSpaceBinding_1159456438886" name="localhost_StellentPortalContents.DEFAULT_FROM_ADDRESS" nameInNameSpace="JNDI/localhost/StellentPortalContents.DEFAULT_FROM_ADDRESS" stringToBind="WebSpherePortal@caremark.com"/>
  <namebindings:StringNameSpaceBinding xmi:id="StringNameSpaceBinding_1159456622119" name="localhost_StellentPortalContents.DEFAULT_SUBJECT" nameInNameSpace="JNDI/localhost/StellentPortalContents.DEFAULT_SUBJECT" stringToBind="WebSphere Portal Content Publishing Process Exception"/>
  <namebindings:StringNameSpaceBinding xmi:id="StringNameSpaceBinding_1159456844223" name="localhost_StellentPortalContents.DEFAULT_TO_DISTRIBUTION_LIST" nameInNameSpace="JNDI/localhost/StellentPortalContents.DEFAULT_TO_DISTRIBUTION_LIST" stringToBind="james.perone@caremark.com, vijay.dhanamoorthy@caremark.com, jeffrey.burkholder@caremark.com, divya.agarwal@caremark.com"/>
  <namebindings:StringNameSpaceBinding xmi:id="StringNameSpaceBinding_1159456999324" name="localhost_StellentPortalContents.DEFAULT_CC_DISTRIBUTION_LIST" nameInNameSpace="JNDI/localhost/StellentPortalContents.DEFAULT_CC_DISTRIBUTION_LIST" stringToBind="james.perone@caremark.com"/>
  <namebindings:StringNameSpaceBinding xmi:id="StringNameSpaceBinding_1159457142985" name="localhost_StellentPortalContents.emailDelimiter" nameInNameSpace="JNDI/localhost/StellentPortalContents.emailDelimiter" stringToBind=","/>
  <namebindings:StringNameSpaceBinding xmi:id="StringNameSpaceBinding_1159822371194" name="localhost_ldap.ICEPrincipal" nameInNameSpace="JNDI/localhost/ldap.ICEPrincipal" stringToBind="uid=ClntDSUser,cn=participant,cn=people,dc=caremarkclt,dc=com"/>
  <namebindings:StringNameSpaceBinding xmi:id="StringNameSpaceBinding_1159822436551" name="localhost_ldap.ICECredentials" nameInNameSpace="JNDI/localhost/ldap.ICECredentials" stringToBind="password"/>
  <namebindings:StringNameSpaceBinding xmi:id="StringNameSpaceBinding_1160415649184" name="localhost_log4j.appender.trace.filename" nameInNameSpace="JNDI/localhost/log4j.appender.trace.filename" stringToBind="/appllogs/61/portal/portalTrace.log"/>
  <namebindings:StringNameSpaceBinding xmi:id="StringNameSpaceBinding_1160415786710" name="localhost_log4j.appender.tracelogger.threshold" nameInNameSpace="JNDI/localhost/log4j.appender.tracelogger.threshold" stringToBind="DEBUG"/>
  <namebindings:StringNameSpaceBinding xmi:id="StringNameSpaceBinding_1160415878757" name="localhost_log4j.appender.icelogger.threshold" nameInNameSpace="JNDI/localhost/log4j.appender.icelogger.threshold" stringToBind="DEBUG"/>
  <namebindings:StringNameSpaceBinding xmi:id="StringNameSpaceBinding_1160710739094" name="localhost_ice_static_url_csl" nameInNameSpace="JNDI/localhost/ice/static/url/csl" stringToBind="http://dev2www61maint.caremark.com/wps/portal/FOR_CLIENTS_TAB"/>
  <namebindings:StringNameSpaceBinding xmi:id="StringNameSpaceBinding_1160710839786" name="localhost_ice_static_url_caremark" nameInNameSpace="JNDI/localhost/ice/static/url/caremark" stringToBind="http://dev2www61maint.caremark.com/wps/portal"/>
  <namebindings:StringNameSpaceBinding xmi:id="StringNameSpaceBinding_1160710879883" name="localhost_ice_static_url_medicare" nameInNameSpace="JNDI/localhost/ice/static/url/medicare" stringToBind="https://www10.caremark.com/medD/logonForm.aspx"/>
  <namebindings:StringNameSpaceBinding xmi:id="StringNameSpaceBinding_1160710909254" name="localhost_ice_menu_exclusionlist" nameInNameSpace="JNDI/localhost/ice/menu/exclusionlist" stringToBind="ICE.WELCOME.FORGOTPWD|ICE.WELCOME.CONTACTUS"/>
  <namebindings:StringNameSpaceBinding xmi:id="StringNameSpaceBinding_1163439418575" name="localhost_portal.sso.SHELL.SessionKeepAliveURL" nameInNameSpace="JNDI/localhost/portal.sso.SHELL.SessionKeepAliveURL" stringToBind="https://staging.webmdhealth.com/customx/common/partner/img-keepalive.aspx"/>
  <namebindings:StringNameSpaceBinding xmi:id="StringNameSpaceBinding_1163819462767" name="localhost_adherence.xmlfile.location" nameInNameSpace="JNDI/localhost/adherence.xmlfile.location" stringToBind="/appl/portal_server/vers/batchjobs/survey"/>
  <namebindings:StringNameSpaceBinding xmi:id="StringNameSpaceBinding_1164058371313" name="localhost_portal.pdf.PDF_KEY_STORE" nameInNameSpace="JNDI/localhost/portal.pdf.PDF_KEY_STORE" stringToBind="com/caremark/portal/service/cryptography/PDFKeyStoreQa.jks"/>
  <namebindings:StringNameSpaceBinding xmi:id="StringNameSpaceBinding_1166031281570" name="localhost_ConnectionManager.RxpipelineDB.JdbcUrl" nameInNameSpace="JNDI/localhost/ConnectionManager.RxpipelineDB.JdbcUrl" stringToBind="jdbc:db2:PIPELINE"/>
  <namebindings:StringNameSpaceBinding xmi:id="StringNameSpaceBinding_1166031336690" name="localhost_ConnectionManager.RxpipelineDB.UserId" nameInNameSpace="JNDI/localhost/ConnectionManager.RxpipelineDB.UserId" stringToBind="pipeline"/>
  <namebindings:StringNameSpaceBinding xmi:id="StringNameSpaceBinding_1166031395649" name="localhost_ConnectionManager.RxpipelineDB.Password" nameInNameSpace="JNDI/localhost/ConnectionManager.RxpipelineDB.Password" stringToBind="santa123"/>
  <namebindings:StringNameSpaceBinding xmi:id="StringNameSpaceBinding_1168016633965" name="localhost_portal.pdf.ASSET_PATH" nameInNameSpace="JNDI/localhost/portal.pdf.ASSET_PATH" stringToBind="/appl/portal_server/vers/web"/>
  <namebindings:StringNameSpaceBinding xmi:id="StringNameSpaceBinding_1169586335115" name="localhost_log4j.appender.rxpipeline.filename" nameInNameSpace="JNDI/localhost/log4j.appender.rxpipeline.filename" stringToBind="/appllogs/61/rxpipeline/pipe.log"/>
  <namebindings:StringNameSpaceBinding xmi:id="StringNameSpaceBinding_1169586404201" name="localhost_log4j.appender.rxpipelinelogger.threshold" nameInNameSpace="JNDI/localhost/log4j.appender.rxpipelinelogger.threshold" stringToBind="DEBUG,RXPIPELINELOGGER"/>
  <namebindings:StringNameSpaceBinding xmi:id="StringNameSpaceBinding_1173125827428" name="localhost_portal.sso.ICIRX.SessionKeepAliveURL" nameInNameSpace="JNDI/localhost/portal.sso.ICIRX.SessionKeepAliveURL" stringToBind="https://staging.webmdhealth.com/customx/common/partner/img-keepalive.aspx"/>
  <namebindings:StringNameSpaceBinding xmi:id="StringNameSpaceBinding_1173125864753" name="localhost_portal.sso.DANA.SessionKeepAliveURL" nameInNameSpace="JNDI/localhost/portal.sso.DANA.SessionKeepAliveURL" stringToBind="https://staging.webmdhealth.com/customx/common/partner/img-keepalive.aspx"/>
  <namebindings:StringNameSpaceBinding xmi:id="StringNameSpaceBinding_1182884315732" name="localhost_portal.sso.HONDA.SessionKeepAliveURL" nameInNameSpace="JNDI/localhost/portal.sso.HONDA.SessionKeepAliveURL" stringToBind="https://staging.webmdhealth.com/customx/common/partner/img-keepalive.aspx"/>
  <namebindings:StringNameSpaceBinding xmi:id="StringNameSpaceBinding_1188591588083" name="localhost_portal.sso.SILVERSCRIPT_SSO_URL" nameInNameSpace="JNDI/localhost/portal.sso.SILVERSCRIPT_SSO_URL" stringToBind="https://adt.silverscriptwellness.com/chissoauth.do"/>
  <namebindings:StringNameSpaceBinding xmi:id="StringNameSpaceBinding_1195153813138" name="localhost_log4j_error_msg_length" nameInNameSpace="JNDI/localhost/log4j_error_msg_length" stringToBind="1024"/>
  <namebindings:StringNameSpaceBinding xmi:id="StringNameSpaceBinding_1195496628944" name="localhost_portal.sso.printvendor.url" nameInNameSpace="JNDI/localhost/portal.sso.printvendor.url" stringToBind="https://caremark.hepsiian.com/cvs_uat/CM"/>
  <namebindings:StringNameSpaceBinding xmi:id="StringNameSpaceBinding_1195660205390" name="localhost_portal.sso.ihr.url" nameInNameSpace="JNDI/localhost/portal.sso.ihr.url" stringToBind="disabledhttps://67.216.164.50/edoc4u/edoc4usso.aspx"/>
  <namebindings:StringNameSpaceBinding xmi:id="StringNameSpaceBinding_1199987991278" name="localhost_pharmacare.authentication.HTTPServiceURL" nameInNameSpace="JNDI/localhost/pharmacare.authentication.HTTPServiceURL" stringToBind="http://pharmadev1.pharmacare.com/webapp/authenticate"/>
  <namebindings:StringNameSpaceBinding xmi:id="StringNameSpaceBinding_1199988060145" name="localhost_pharmacare.authentication.HTTPServiceSocketTimeout" nameInNameSpace="JNDI/localhost/pharmacare.authentication.HTTPServiceSocketTimeout" stringToBind="15000"/>
  <namebindings:StringNameSpaceBinding xmi:id="StringNameSpaceBinding_1200412111758" name="localhost_portal.sso.pharmacare.url" nameInNameSpace="JNDI/localhost/portal.sso.pharmacare.url" stringToBind="https://pharmadev1.pharmacare.com/webapp/redirect"/>
  <namebindings:StringNameSpaceBinding xmi:id="StringNameSpaceBinding_1200426304774" name="localhost_pharmacare.authentication.HTTPServiceMaxConns" nameInNameSpace="JNDI/localhost/pharmacare.authentication.HTTPServiceMaxConns" stringToBind="5"/>
  <namebindings:StringNameSpaceBinding xmi:id="StringNameSpaceBinding_1201809062389" name="localhost_pharmacare.authentication.HTTPServiceConnectionTimeout" nameInNameSpace="JNDI/localhost/pharmacare.authentication.HTTPServiceConnectionTimeout" stringToBind="5000"/>
  <namebindings:StringNameSpaceBinding xmi:id="StringNameSpaceBinding_1201887789128" name="localhost_pharmacare.authentication.HTTPServiceMethodRetries" nameInNameSpace="JNDI/localhost/pharmacare.authentication.HTTPServiceMethodRetries" stringToBind="1"/>
  <namebindings:StringNameSpaceBinding xmi:id="StringNameSpaceBinding_1204754631962" name="localhost_datasource.SCHEMA_QUALIFIER_CHI" nameInNameSpace="JNDI/localhost/datasource.SCHEMA_QUALIFIER_CHI" stringToBind="CD"/>
  <namebindings:StringNameSpaceBinding xmi:id="StringNameSpaceBinding_1204754702195" name="localhost_log4j.appender.chi.filename" nameInNameSpace="JNDI/localhost/log4j.appender.chi.filename" stringToBind="/appllogs/61/chi/chi.log"/>
  <namebindings:StringNameSpaceBinding xmi:id="StringNameSpaceBinding_1204754785644" name="localhost_log4j.appender.chilogger.threshold" nameInNameSpace="JNDI/localhost/log4j.appender.chilogger.threshold" stringToBind="DEBUG"/>
  <namebindings:StringNameSpaceBinding xmi:id="StringNameSpaceBinding_1210776685963" name="localhost_ConnectionManager.MimgUDB.JdbcUrl" nameInNameSpace="JNDI/localhost/ConnectionManager.MimgUDB.JdbcUrl" stringToBind="jdbc:db2:MIMG"/>
  <namebindings:StringNameSpaceBinding xmi:id="StringNameSpaceBinding_1210776740436" name="localhost_ConnectionManager.MimgUDB.UserId" nameInNameSpace="JNDI/localhost/ConnectionManager.MimgUDB.UserId" stringToBind="rxr001"/>
  <namebindings:StringNameSpaceBinding xmi:id="StringNameSpaceBinding_1210776800038" name="localhost_ConnectionManager.MimgUDB.Password" nameInNameSpace="JNDI/localhost/ConnectionManager.MimgUDB.Password" stringToBind="seashell"/>
  <namebindings:StringNameSpaceBinding xmi:id="StringNameSpaceBinding_1210776844479" name="localhost_ConnectionManager.MimgUDB.Schema" nameInNameSpace="JNDI/localhost/ConnectionManager.MimgUDB.Schema" stringToBind="GENIMGT"/>
  <namebindings:StringNameSpaceBinding xmi:id="StringNameSpaceBinding_1215531114172" name="localhost_command.syncldap.HTTPServiceConnectionTimeout" nameInNameSpace="JNDI/localhost/command.syncldap.HTTPServiceConnectionTimeout" stringToBind="15000"/>
  <namebindings:StringNameSpaceBinding xmi:id="StringNameSpaceBinding_1215531152341" name="localhost_command.syncldap.HTTPServiceSocketTimeout" nameInNameSpace="JNDI/localhost/command.syncldap.HTTPServiceSocketTimeout" stringToBind="15000"/>
  <namebindings:StringNameSpaceBinding xmi:id="StringNameSpaceBinding_1215531196164" name="localhost_command.syncldap.HTTPServiceMaxConns" nameInNameSpace="JNDI/localhost/command.syncldap.HTTPServiceMaxConns" stringToBind="5"/>
  <namebindings:StringNameSpaceBinding xmi:id="StringNameSpaceBinding_1215531237705" name="localhost_command.syncldap.HTTPServiceMethodRetries" nameInNameSpace="JNDI/localhost/command.syncldap.HTTPServiceMethodRetries" stringToBind="1"/>
  <namebindings:StringNameSpaceBinding xmi:id="StringNameSpaceBinding_1215531290167" name="localhost_command.syncldap.HTTPServiceURL" nameInNameSpace="JNDI/localhost/command.syncldap.HTTPServiceURL" stringToBind="https://dev2www61maint.caremark.com/wps/portal/.cmd/em"/>
  <namebindings:StringNameSpaceBinding xmi:id="StringNameSpaceBinding_1220384351118" name="localhost_phrservicelocator.PHRServer" nameInNameSpace="JNDI/localhost/phrservicelocator.PHRServer" stringToBind="dev2aws.caremark.com"/>
  <namebindings:StringNameSpaceBinding xmi:id="StringNameSpaceBinding_1220384419629" name="localhost_phrservicelocator.PHRPort" nameInNameSpace="JNDI/localhost/phrservicelocator.PHRPort" stringToBind="80"/>
  <namebindings:StringNameSpaceBinding xmi:id="StringNameSpaceBinding_1220384497840" name="localhost_googlehealth.HomePage" nameInNameSpace="JNDI/localhost/googlehealth.HomePage" stringToBind="http://www.google.com/h9"/>
  <namebindings:StringNameSpaceBinding xmi:id="StringNameSpaceBinding_1220384593168" name="localhost_faststart.EndPointURL" nameInNameSpace="JNDI/localhost/faststart.EndPointURL" stringToBind="https://dev2links85.caremark.com/MailOrderBeneficiaryWebServices/services/FastStartService"/>
  <namebindings:StringNameSpaceBinding xmi:id="StringNameSpaceBinding_1220384659168" name="localhost_faststart.MailExpirationDateRange" nameInNameSpace="JNDI/localhost/faststart.MailExpirationDateRange" stringToBind="14"/>
  <namebindings:StringNameSpaceBinding xmi:id="StringNameSpaceBinding_1225827462612" name="localhost_saml.sso.SSO_KEY_STORE" nameInNameSpace="JNDI/localhost/saml.sso.SSO_KEY_STORE" stringToBind="cvskeystoreQA.jks"/>
  <namebindings:StringNameSpaceBinding xmi:id="StringNameSpaceBinding_1225827557892" name="localhost_portal.inbound.ssoapcs" nameInNameSpace="JNDI/localhost/portal.inbound.ssoapcs" stringToBind="https://dev2www61maint.caremark.com/wps/portal/.cmd/ssoapcs"/>
  <namebindings:StringNameSpaceBinding xmi:id="StringNameSpaceBinding_1227216022046" name="localhost_englishspanishLink.spanishHost" nameInNameSpace="JNDI/localhost/englishspanishLink.spanishHost" stringToBind="sit-espanol.caremark.com"/>
  <namebindings:StringNameSpaceBinding xmi:id="StringNameSpaceBinding_1227216084067" name="localhost_englishspanishlink.englishHost" nameInNameSpace="JNDI/localhost/englishspanishlink.englishHost" stringToBind="dev2www61maint.caremark.com"/>
  <namebindings:StringNameSpaceBinding xmi:id="StringNameSpaceBinding_1229703509960" name="localhost_mshealthvault.AppID" nameInNameSpace="JNDI/localhost/mshealthvault.AppID" stringToBind="cbc85942-49e6-4b2e-b67d-cc161b821ff3"/>
  <namebindings:StringNameSpaceBinding xmi:id="StringNameSpaceBinding_1229703828827" name="localhost_mshealthvault.HomePage" nameInNameSpace="JNDI/localhost/mshealthvault.HomePage" stringToBind="https://account.healthvault-ppe.com"/>
  <namebindings:StringNameSpaceBinding xmi:id="StringNameSpaceBinding_1229704467323" name="localhost_mshealthvault.RedirectPage" nameInNameSpace="JNDI/localhost/mshealthvault.RedirectPage" stringToBind="https://dev2www61maint.caremark.com/wps/portal/.cmd/mshvc"/>
  <namebindings:StringNameSpaceBinding xmi:id="StringNameSpaceBinding_1229704589545" name="localhost_mshealthvault.HelpPage" nameInNameSpace="JNDI/localhost/mshealthvault.HelpPage" stringToBind="https://www.healthvault.com/help.html"/>
  <namebindings:StringNameSpaceBinding xmi:id="StringNameSpaceBinding_1229709015736" name="localhost_portal.sso.TYCO.SessionKeepAliveURL" nameInNameSpace="JNDI/localhost/portal.sso.TYCO.SessionKeepAliveURL" stringToBind="https://staging.webmdhealth.com/customx/common/partner/img-keepalive.aspx"/>
  <namebindings:StringNameSpaceBinding xmi:id="StringNameSpaceBinding_1233257090608" name="localhost_portal_resourcemanager_basedirectory" nameInNameSpace="JNDI/localhost/portal_resourcemanager_basedirectory" stringToBind="/appl/portal_server/vers/resources"/>
  <namebindings:StringNameSpaceBinding xmi:id="StringNameSpaceBinding_1244145890579" name="localhost_portal.sso.cvs.url" nameInNameSpace="JNDI/localhost/portal.sso.cvs.url" stringToBind="https://st2.cvs.com/CVSApp/caremark"/>
  <namebindings:StringNameSpaceBinding xmi:id="StringNameSpaceBinding_1246311533800" name="localhost_portal.login.cvs.url" nameInNameSpace="JNDI/localhost/portal.login.cvs.url" stringToBind="https://st2.cvs.com/CVSApp/user/login.jsp"/>
  <namebindings:StringNameSpaceBinding xmi:id="StringNameSpaceBinding_1253717690069" name="localhost_mchoiceopportunities.EndPointURL" nameInNameSpace="JNDI/localhost/mchoiceopportunities.EndPointURL" stringToBind="https://dev1oms.caremark.com/OMSServiceWeb/sca/OMSWebService"/>
  <namebindings:StringNameSpaceBinding xmi:id="StringNameSpaceBinding_1260995490769" name="localhost_cics.region.pharmacy" nameInNameSpace="JNDI/localhost/cics.region.pharmacy" stringToBind="QCPCICSK"/>
  <namebindings:StringNameSpaceBinding xmi:id="StringNameSpaceBinding_1264451616679" name="localhost_portal.sso.THCP.SessionKeepAliveURL" nameInNameSpace="JNDI/localhost/portal.sso.THCP.SessionKeepAliveURL" stringToBind="https://staging.webmdhealth.com/customx/common/partner/img-keepalive.aspx"/>
  <namebindings:StringNameSpaceBinding xmi:id="StringNameSpaceBinding_1266271886299" name="localhost_cvsrefillservice.EndPointURL" nameInNameSpace="JNDI/localhost/cvsrefillservice.EndPointURL" stringToBind="http://ibmrxcpo-mq1.caremark.com:3333/rx/services/"/>
  <namebindings:StringNameSpaceBinding xmi:id="StringNameSpaceBinding_1266272020250" name="localhost_pgsfaxservices.EndPointURL" nameInNameSpace="JNDI/localhost/pgsfaxservices.EndPointURL" stringToBind="https://test2messaging.easylink.com/soap/sync"/>
  <namebindings:StringNameSpaceBinding xmi:id="StringNameSpaceBinding_1266272135543" name="localhost_pgsfaxservices.UserID" nameInNameSpace="JNDI/localhost/pgsfaxservices.UserID" stringToBind="T2/CAREMARK"/>
  <namebindings:StringNameSpaceBinding xmi:id="StringNameSpaceBinding_1266272267588" name="localhost_pgsfaxservices.Password" nameInNameSpace="JNDI/localhost/pgsfaxservices.Password" stringToBind="Care1234"/>
  <namebindings:StringNameSpaceBinding xmi:id="StringNameSpaceBinding_1274367089311" name="localhost_endeca.host" nameInNameSpace="JNDI/localhost/endeca.host" stringToBind="paz1csed2w1v.caremarkrx.net"/>
  <namebindings:StringNameSpaceBinding xmi:id="StringNameSpaceBinding_1274367151971" name="localhost_endeca.port" nameInNameSpace="JNDI/localhost/endeca.port" stringToBind="17000"/>
  <namebindings:StringNameSpaceBinding xmi:id="StringNameSpaceBinding_1281543238341" name="localhost_log4j.appender.cos.filename" nameInNameSpace="JNDI/localhost/log4j.appender.cos.filename" stringToBind="/appllogs/61/cos/appl/cos.log"/>
  <namebindings:StringNameSpaceBinding xmi:id="StringNameSpaceBinding_1281543427027" name="localhost_log4j.appender.coslogger.threshold" nameInNameSpace="JNDI/localhost/log4j.appender.coslogger.threshold" stringToBind="DEBUG"/>
  <namebindings:StringNameSpaceBinding xmi:id="StringNameSpaceBinding_1294850290598" name="localhost_cmpJMSProviderURL" nameInNameSpace="JNDI/localhost/cmpJMSProviderURL" stringToBind="corbaloc:iiop:tstpsf2:23242"/>
  <namebindings:StringNameSpaceBinding xmi:id="StringNameSpaceBinding_1294850382153" name="localhost_opportunityServicePortAddress" nameInNameSpace="JNDI/localhost/opportunityServicePortAddress" stringToBind="https://tstesp2:9000/Opportunity/1.0/"/>
  <namebindings:StringNameSpaceBinding xmi:id="StringNameSpaceBinding_1294850468027" name="localhost_OpportunityServiceThreadCount" nameInNameSpace="JNDI/localhost/OpportunityServiceThreadCount" stringToBind="20"/>
  <namebindings:StringNameSpaceBinding xmi:id="StringNameSpaceBinding_1297805433656" name="localhost_StellentPortalContents.sftpUserRoot" nameInNameSpace="JNDI/localhost/StellentPortalContents.sftpUserRoot" stringToBind="/home/user"/>
  <namebindings:StringNameSpaceBinding xmi:id="StringNameSpaceBinding_1297805529491" name="localhost_StellentPortalContents.sftpKeyName" nameInNameSpace="JNDI/localhost/StellentPortalContents.sftpKeyName" stringToBind=".ssh/id_rsa"/>
  <namebindings:StringNameSpaceBinding xmi:id="StringNameSpaceBinding_1297805602249" name="localhost_StellentPortalContents.sftpSessionTimeout" nameInNameSpace="JNDI/localhost/StellentPortalContents.sftpSessionTimeout" stringToBind="30000"/>
  <namebindings:StringNameSpaceBinding xmi:id="StringNameSpaceBinding_1310567327006" name="localhost_aetna.testclaim.endpoint" nameInNameSpace="JNDI/localhost/aetna.testclaim.endpoint" stringToBind="https://devwww33-b2b.aetna.com/rx_estimator/services/PrescriptEstPort"/>
  <namebindings:StringNameSpaceBinding xmi:id="StringNameSpaceBinding_1329237685865" name="localhost_search.typeahead.endpoint" nameInNameSpace="JNDI/localhost/search.typeahead.endpoint" stringToBind="http://paz1csed2w1v.caremarkrx.net:17000/ws/typeahead"/>
  <namebindings:StringNameSpaceBinding xmi:id="StringNameSpaceBinding_1329241153108" name="localhost_search.numberOf.TypeAheads" nameInNameSpace="JNDI/localhost/search.numberOf.TypeAheads" stringToBind="5"/>
  <namebindings:StringNameSpaceBinding xmi:id="StringNameSpaceBinding_1329241227602" name="localhost_caremark.ebsco.password" nameInNameSpace="JNDI/localhost/caremark.ebsco.password" stringToBind="ep721902"/>
  <namebindings:StringNameSpaceBinding xmi:id="StringNameSpaceBinding_1329241375601" name="localhost_ebsco.caremark.ebsco.service.url" nameInNameSpace="JNDI/localhost/ebsco.caremark.ebsco.service.url" stringToBind="http://epnet.com/webservices/SearchService/2007/07/"/>
  <namebindings:StringNameSpaceBinding xmi:id="StringNameSpaceBinding_1329241454020" name="localhost_caremark.ebsco.profile" nameInNameSpace="JNDI/localhost/caremark.ebsco.profile" stringToBind="s1061411.main.eit"/>
  <namebindings:StringNameSpaceBinding xmi:id="StringNameSpaceBinding_1329241527850" name="localhost_gsm.image.webserver.path" nameInNameSpace="JNDI/localhost/gsm.image.webserver.path" stringToBind="/portal/images/gsm/"/>
  <namebindings:StringNameSpaceBinding xmi:id="StringNameSpaceBinding_1329249256877" name="localhost_securewebemail.aetna.mail.askrph.recipient.address" nameInNameSpace="JNDI/localhost/securewebemail.aetna.mail.askrph.recipient.address" stringToBind="AetnaMemberServices@RXWebSupport.com"/>
  <namebindings:StringNameSpaceBinding xmi:id="StringNameSpaceBinding_1329249329390" name="localhost_securewebemail.aetnamedicare.mail.askrph.recipient.address" nameInNameSpace="JNDI/localhost/securewebemail.aetnamedicare.mail.askrph.recipient.address" stringToBind="ARXHDMedicare@RXWebSupport.com"/>
  <namebindings:StringNameSpaceBinding xmi:id="StringNameSpaceBinding_1329249429784" name="localhost_saml.sso.guestAetnaAdmin" nameInNameSpace="JNDI/localhost/saml.sso.guestAetnaAdmin" stringToBind="W14278157401;Meczywor;juanola;19500408;M"/>
  <namebindings:StringNameSpaceBinding xmi:id="StringNameSpaceBinding_1329249507194" name="localhost_saml.sso.guestAetnaMod" nameInNameSpace="JNDI/localhost/saml.sso.guestAetnaMod" stringToBind="W17007299201;Yunin;Romero Ramirez;19521026;M"/>
  <namebindings:StringNameSpaceBinding xmi:id="StringNameSpaceBinding_1329249574809" name="localhost_saml.sso.guestAetnaTermed" nameInNameSpace="JNDI/localhost/saml.sso.guestAetnaTermed" stringToBind="W12141168702;Nakhlis;Tristan;19420516;F"/>
  <namebindings:StringNameSpaceBinding xmi:id="StringNameSpaceBinding_1330040114470" name="localhost_WSAlchemy.EndPointURL" nameInNameSpace="JNDI/localhost/WSAlchemy.EndPointURL" stringToBind="http://devgsm.caremark.com:3434/WSAlchemy"/>
  <namebindings:StringNameSpaceBinding xmi:id="StringNameSpaceBinding_1331572691763" name="localhost_servicelocator.MSTIBSEndPoint" nameInNameSpace="JNDI/localhost/servicelocator.MSTIBSEndPoint" stringToBind="http://dev2aetnaws85.caremark.com/IBSWebService/MSTWebService/MSTWebService.wsdl"/>
  <namebindings:StringNameSpaceBinding xmi:id="StringNameSpaceBinding_1331764891287" name="localhost_log4j.circuitbreaker.LoggerLevel" nameInNameSpace="JNDI/localhost/log4j.circuitbreaker.LoggerLevel" stringToBind="DEBUG"/>
  <namebindings:StringNameSpaceBinding xmi:id="StringNameSpaceBinding_1331764974841" name="localhost_log4j.appender.circuitbreaker.filename" nameInNameSpace="JNDI/localhost/log4j.appender.circuitbreaker.filename" stringToBind="/appllogs/61/portal/circuitbreaker.log"/>
  <namebindings:StringNameSpaceBinding xmi:id="StringNameSpaceBinding_1332182774637" name="localhost_log4j.appender.cmt.filename" nameInNameSpace="JNDI/localhost/log4j.appender.cmt.filename" stringToBind="/appllogs/61/mstcmt/cmt.log"/>
  <namebindings:StringNameSpaceBinding xmi:id="StringNameSpaceBinding_1332182835983" name="localhost_log4j.appender.cmtlogger.threshold" nameInNameSpace="JNDI/localhost/log4j.appender.cmtlogger.threshold" stringToBind="/appllogs/61/mstcmt/cmt.log"/>
  <namebindings:StringNameSpaceBinding xmi:id="StringNameSpaceBinding_1332457140580" name="localhost_CircuitBreakerService.EndPointURL" nameInNameSpace="JNDI/localhost/CircuitBreakerService.EndPointURL" stringToBind="http://dev2www61maint.caremark.com/CircuitBreakerService/"/>
  <namebindings:StringNameSpaceBinding xmi:id="StringNameSpaceBinding_1333240152401" name="localhost_apps_cmp_servicelocator" nameInNameSpace="JNDI/localhost/apps/cmp/servicelocator" stringToBind="corbaloc:iiop:tstaws2:9818"/>
  <namebindings:StringNameSpaceBinding xmi:id="StringNameSpaceBinding_1336575728324" name="localhost_opportunityConfigurationServicePortAddress" nameInNameSpace="JNDI/localhost/opportunityConfigurationServicePortAddress" stringToBind="https://tstesp2:9000/OpportunityConfiguration/1.0/"/>
  <namebindings:StringNameSpaceBinding xmi:id="StringNameSpaceBinding_1341248796384" name="localhost_ldap.C2CProviderURL" nameInNameSpace="JNDI/localhost/ldap.C2CProviderURL" stringToBind="ldap://tsteds2.caremarkrx.net:391"/>
  <namebindings:StringNameSpaceBinding xmi:id="StringNameSpaceBinding_1344378893078" name="localhost_log4j.cache.LoggerLevel" nameInNameSpace="JNDI/localhost/log4j.cache.LoggerLevel" stringToBind="DEBUG"/>
  <namebindings:StringNameSpaceBinding xmi:id="StringNameSpaceBinding_1344378988548" name="localhost_log4j.appender.cache.filename" nameInNameSpace="JNDI/localhost/log4j.appender.cache.filename" stringToBind="/appllogs/61/portal/cache.log"/>
  <namebindings:StringNameSpaceBinding xmi:id="StringNameSpaceBinding_1348070791430" name="localhost_webtrends.tag.overridedomain" nameInNameSpace="JNDI/localhost/webtrends.tag.overridedomain" stringToBind="www.caremark.com"/>
  <namebindings:StringNameSpaceBinding xmi:id="StringNameSpaceBinding_1350489122323" name="localhost_portal.sso.printvendor2.url" nameInNameSpace="JNDI/localhost/portal.sso.printvendor2.url" stringToBind="http://qawebclient01.wilde.com:50004/GetFile.aspx"/>
  <namebindings:StringNameSpaceBinding xmi:id="StringNameSpaceBinding_1360862693884" name="localhost_common.tad.endPointURL" nameInNameSpace="JNDI/localhost/common.tad.endPointURL" stringToBind="http://dev2aws64.caremark.com/DrugAlternativesWebServiceWeb/DrugAlternativesService"/>
  <namebindings:StringNameSpaceBinding xmi:id="StringNameSpaceBinding_1363989140427" name="localhost_ldap.CCAProviderURL" nameInNameSpace="JNDI/localhost/ldap.CCAProviderURL" stringToBind="ldap://tsteds2.caremarkrx.net:391"/>
  <namebindings:StringNameSpaceBinding xmi:id="StringNameSpaceBinding_1369088345157" name="localhost_mobileAuth.APIKey" nameInNameSpace="JNDI/localhost/mobileAuth.APIKey" stringToBind="1008347202313004A50F01F33D27EAB1"/>
  <namebindings:StringNameSpaceBinding xmi:id="StringNameSpaceBinding_1369088417236" name="localhost_mobileAuth.APISecret" nameInNameSpace="JNDI/localhost/mobileAuth.APISecret" stringToBind="E228F4CF4BE33EA5A20FE5FF9D5573F8"/>
  <namebindings:StringNameSpaceBinding xmi:id="StringNameSpaceBinding_1369088486710" name="localhost_mobileAuth.VersionNo" nameInNameSpace="JNDI/localhost/mobileAuth.VersionNo" stringToBind="1.0"/>
  <namebindings:StringNameSpaceBinding xmi:id="StringNameSpaceBinding_1369088566999" name="localhost_mobileAuth.EndPointURL" nameInNameSpace="JNDI/localhost/mobileAuth.EndPointURL" stringToBind="https://devservices.caremark.com/dev2/mobileRegistration"/>
  <namebindings:StringNameSpaceBinding xmi:id="StringNameSpaceBinding_1371497425484" name="localhost_eccr.maxThreadCount" nameInNameSpace="JNDI/localhost/eccr.maxThreadCount" stringToBind="20"/>
  <namebindings:StringNameSpaceBinding xmi:id="StringNameSpaceBinding_1371497500082" name="localhost_eccr.endpoint" nameInNameSpace="JNDI/localhost/eccr.endpoint" stringToBind="https://devservices.caremark.com:445/eccr/logInteractionEvent"/>
  <namebindings:StringNameSpaceBinding xmi:id="StringNameSpaceBinding_1373559128528" name="localhost_log4j.ws.LoggerLevel" nameInNameSpace="JNDI/localhost/log4j.ws.LoggerLevel" stringToBind="DEBUG"/>
  <namebindings:StringNameSpaceBinding xmi:id="StringNameSpaceBinding_1373559245889" name="localhost_log4j.appender.ws.filename" nameInNameSpace="JNDI/localhost/log4j.appender.ws.filename" stringToBind="/appllogs/61/portal/ws.log"/>
  <namebindings:StringNameSpaceBinding xmi:id="StringNameSpaceBinding_1373559401790" name="localhost_log4j.appender.wsinfo.filename" nameInNameSpace="JNDI/localhost/log4j.appender.wsinfo.filename" stringToBind="/appllogs/61/portal/wsinfo.log"/>
  <namebindings:StringNameSpaceBinding xmi:id="StringNameSpaceBinding_1373559509400" name="localhost_validateClientSource" nameInNameSpace="JNDI/localhost/validateClientSource" stringToBind="false"/>
  <namebindings:StringNameSpaceBinding xmi:id="StringNameSpaceBinding_1373559629875" name="localhost_api.remoteIPs" nameInNameSpace="JNDI/localhost/api.remoteIPs" stringToBind="0"/>
  <namebindings:StringNameSpaceBinding xmi:id="StringNameSpaceBinding_1373559686869" name="localhost_validateAccessTokenService.VersionNo" nameInNameSpace="JNDI/localhost/validateAccessTokenService.VersionNo" stringToBind="1.0"/>
  <namebindings:StringNameSpaceBinding xmi:id="StringNameSpaceBinding_1373559800373" name="localhost_validateAccessTokenService.EndPointURL" nameInNameSpace="JNDI/localhost/validateAccessTokenService.EndPointURL" stringToBind="http://devservices.caremark.com:8092/refill/tokenValidation?serviceName=tokenValidation"/>
  <namebindings:StringNameSpaceBinding xmi:id="StringNameSpaceBinding_1379693669498" name="localhost_eccr.apiKey" nameInNameSpace="JNDI/localhost/eccr.apiKey" stringToBind="1008347202313004A50F01F33D27EAB1"/>
  <namebindings:StringNameSpaceBinding xmi:id="StringNameSpaceBinding_1379693735697" name="localhost_eccr.apiSecret" nameInNameSpace="JNDI/localhost/eccr.apiSecret" stringToBind="E228F4CF4BE33EA5A20FE5FF9D5573F8"/>
  <namebindings:StringNameSpaceBinding xmi:id="StringNameSpaceBinding_1381861830713" name="localhost_specialty.endeca.port" nameInNameSpace="JNDI/localhost/specialty.endeca.port" stringToBind="16000"/>
  <namebindings:StringNameSpaceBinding xmi:id="StringNameSpaceBinding_1386489376989" name="localhost_log4j.ws.metrics.LoggerLevel" nameInNameSpace="JNDI/localhost/log4j.ws.metrics.LoggerLevel" stringToBind="DEBUG"/>
  <namebindings:StringNameSpaceBinding xmi:id="StringNameSpaceBinding_1389115418534" name="localhost_apiLoginService.EndPointURL" nameInNameSpace="JNDI/localhost/apiLoginService.EndPointURL" stringToBind="https://devservices.caremark.com:450/login/"/>
  <namebindings:StringNameSpaceBinding xmi:id="StringNameSpaceBinding_1389115539164" name="localhost_espService.PortAddress" nameInNameSpace="JNDI/localhost/espService.PortAddress" stringToBind="https://tstesp2:9000/PatientSearch/1.1/"/>
  <namebindings:StringNameSpaceBinding xmi:id="StringNameSpaceBinding_1389115608823" name="localhost_espService.TimeOut" nameInNameSpace="JNDI/localhost/espService.TimeOut" stringToBind="30000"/>
  <namebindings:StringNameSpaceBinding xmi:id="StringNameSpaceBinding_1389115697169" name="localhost_apiLoginService.TimeOut" nameInNameSpace="JNDI/localhost/apiLoginService.TimeOut" stringToBind="90000"/>
  <namebindings:StringNameSpaceBinding xmi:id="StringNameSpaceBinding_1391660181565" name="localhost_apps_PortalWS_lexisNexis.pbm.EndPointURL" nameInNameSpace="JNDI/localhost/apps/PortalWS/lexisNexis.pbm.EndPointURL" stringToBind="/META-INF/wsdl/staginglexisnexis.wsdl"/>
  <namebindings:StringNameSpaceBinding xmi:id="StringNameSpaceBinding_1391660275337" name="localhost_apps_PortalWS_lexisNexis.pbm.workFlow" nameInNameSpace="JNDI/localhost/apps/PortalWS/lexisNexis.pbm.workFlow" stringToBind="CVS2_B2B_TEMP_FLOW"/>
  <namebindings:StringNameSpaceBinding xmi:id="StringNameSpaceBinding_1391660339566" name="localhost_apps_PortalWS_lexisNexis.pbm.account" nameInNameSpace="JNDI/localhost/apps/PortalWS/lexisNexis.pbm.account" stringToBind="11352/CVS2_B2B_TEMP"/>
  <namebindings:StringNameSpaceBinding xmi:id="StringNameSpaceBinding_1391660459733" name="localhost_apps_PortalWS_lexisNexis.pbm.passcode" nameInNameSpace="JNDI/localhost/apps/PortalWS/lexisNexis.pbm.passcode" stringToBind="Caremark123$"/>
  <namebindings:StringNameSpaceBinding xmi:id="StringNameSpaceBinding_1394465087954" name="localhost_apps_PortalWS_lexisNexis.pbm.TimeOut" nameInNameSpace="JNDI/localhost/apps/PortalWS/lexisNexis.pbm.TimeOut" stringToBind="30000"/>
  <namebindings:StringNameSpaceBinding xmi:id="StringNameSpaceBinding_1396034072723" name="localhost_webEmail.sftpToDir" nameInNameSpace="JNDI/localhost/webEmail.sftpToDir" stringToBind="testwebEmail"/>
  <namebindings:StringNameSpaceBinding xmi:id="StringNameSpaceBinding_1396303303294" name="localhost_apps_PortalWS_apiKey" nameInNameSpace="JNDI/localhost/apps/PortalWS/apiKey" stringToBind="1008347202313004A50F01F33D27EAB1"/>
  <namebindings:StringNameSpaceBinding xmi:id="StringNameSpaceBinding_1396303360964" name="localhost_apps_PortalWS_apiSecret" nameInNameSpace="JNDI/localhost/apps/PortalWS/apiSecret" stringToBind="E228F4CF4BE33EA5A20FE5FF9D5573F8"/>
  <namebindings:StringNameSpaceBinding xmi:id="StringNameSpaceBinding_1401823006018" name="localhost_apiQuickRegistrtionService.EndPointURL" nameInNameSpace="JNDI/localhost/apiQuickRegistrtionService.EndPointURL" stringToBind="http://devservices.caremark.com:8092/quickRegistration/"/>
  <namebindings:StringNameSpaceBinding xmi:id="StringNameSpaceBinding_1401999833115" name="localhost_servicelocator.EOBEndPoint" nameInNameSpace="JNDI/localhost/servicelocator.EOBEndPoint" stringToBind="https://dev2aws85.caremark.com/EOBWebService/EOBWebService"/>
  <namebindings:StringNameSpaceBinding xmi:id="StringNameSpaceBinding_1403279417606" name="localhost_apiGuestRefillRxService.EndPointURL" nameInNameSpace="JNDI/localhost/apiGuestRefillRxService.EndPointURL" stringToBind="https://devservices.caremark.com:450/refill/"/>
  <namebindings:StringNameSpaceBinding xmi:id="StringNameSpaceBinding_1409782912049" name="localhost_apiDomainService.EndPointURL" nameInNameSpace="JNDI/localhost/apiDomainService.EndPointURL" stringToBind="https://devservices.caremark.com:450/"/>
  <namebindings:StringNameSpaceBinding xmi:id="StringNameSpaceBinding_1410886058712" name="localhost_Future.Eligibility.Flag" nameInNameSpace="JNDI/localhost/Future.Eligibility.Flag" stringToBind="0"/>
  <namebindings:StringNameSpaceBinding xmi:id="StringNameSpaceBinding_1411147502471" name="localhost_apiDomainService.encryptionKey" nameInNameSpace="JNDI/localhost/apiDomainService.encryptionKey" stringToBind="keytouse12345"/>
  <namebindings:StringNameSpaceBinding xmi:id="StringNameSpaceBinding_1411424629783" name="localhost_patientSearchService.EndPoint" nameInNameSpace="JNDI/localhost/patientSearchService.EndPoint" stringToBind="https://rri2eslatp1v.corp.cvscaremark.com:2111/IntegratedPharmacyPatientV2_0"/>
  <namebindings:StringNameSpaceBinding xmi:id="StringNameSpaceBinding_1411424898257" name="localhost_cvsAccountStatusService.EndPoint" nameInNameSpace="JNDI/localhost/cvsAccountStatusService.EndPoint" stringToBind="https://rri2esladp1v.corp.cvscaremark.com:2031/DigitalService/CVSSSO/getAccountStatusSVC"/>
  <namebindings:StringNameSpaceBinding xmi:id="StringNameSpaceBinding_1411425040770" name="localhost_cvsAccountStatusService.ConnectTimeOut" nameInNameSpace="JNDI/localhost/cvsAccountStatusService.ConnectTimeOut" stringToBind="30"/>
  <namebindings:StringNameSpaceBinding xmi:id="StringNameSpaceBinding_1409784199999" name="localhost_dbp.EndPointURL" nameInNameSpace="JNDI/localhost/dbp.EndPointURL" stringToBind="http://localhost:9080/"/>
</xmi:XMI>
