<?xml version="1.0" encoding="UTF-8"?>
<xmi:XMI xmi:version="2.0" xmlns:xmi="http://www.omg.org/XMI" xmlns:resources.j2c="http://www.ibm.com/websphere/appserver/schemas/5.0/resources.j2c.xmi" xmlns:resources.jdbc="http://www.ibm.com/websphere/appserver/schemas/5.0/resources.jdbc.xmi" xmlns:resources.jms="http://www.ibm.com/websphere/appserver/schemas/5.0/resources.jms.xmi" xmlns:resources.mail="http://www.ibm.com/websphere/appserver/schemas/5.0/resources.mail.xmi" xmlns:resources.url="http://www.ibm.com/websphere/appserver/schemas/5.0/resources.url.xmi">
  <resources.jdbc:JDBCProvider xmi:id="builtin_jdbcprovider" name="Derby JDBC Provider (XA)" description="Built-in Derby JDBC Provider (XA)" providerType="Derby JDBC Provider (XA)" implementationClassName="org.apache.derby.jdbc.EmbeddedXADataSource" xa="true">
    <classpath>${DERBY_JDBC_DRIVER_PATH}/derby.jar</classpath>
    <factories xmi:type="resources.jdbc:DataSource" xmi:id="DataSource_1000001" name="DefaultEJBTimerDataSource" jndiName="jdbc/DefaultEJBTimerDataSource" description="Default data source for WebSphere EJB Timer Service" category="default" authMechanismPreference="BASIC_PASSWORD" relationalResourceAdapter="builtin_rra" statementCacheSize="10" datasourceHelperClassname="com.ibm.websphere.rsadapter.DerbyDataStoreHelper">
      <propertySet xmi:id="J2EEResourcePropertySet_2">
        <resourceProperties xmi:id="J2EEResourceProperty_DB2j_5_1" name="databaseName" type="java.lang.String" value="${USER_INSTALL_ROOT}/databases/EJBTimers/${SERVER}/EJBTimerDB" description="Location of Derby default database for the EJB Timer Service." required="true"/>
        <resourceProperties xmi:id="J2EEResourceProperty_DB2j_5_2" name="shutdownDatabase" type="java.lang.String" value=""/>
        <resourceProperties xmi:id="J2EEResourceProperty_DB2j_5_3" name="dataSourceName" type="java.lang.String" value=""/>
        <resourceProperties xmi:id="J2EEResourceProperty_DB2j_5_4" name="description" type="java.lang.String" value=""/>
        <resourceProperties xmi:id="J2EEResourceProperty_DB2j_5_5" name="connectionAttributes" type="java.lang.String" value="upgrade=true" description="Allows the Derby database to be upgraded."/>
        <resourceProperties xmi:id="J2EEResourceProperty_DB2j_5_6" name="createDatabase" type="java.lang.String" value=""/>
        <resourceProperties xmi:id="J2EEResourceProperty_DB2j_5_7" name="enableMultithreadedAccessDetection" type="java.lang.Boolean" value="false"/>
        <resourceProperties xmi:id="J2EEResourceProperty_DB2j_5_8" name="preTestSQLString" type="java.lang.String" value=""/>
      </propertySet>
      <connectionPool xmi:id="ConnectionPool_2" connectionTimeout="1800" maxConnections="30" minConnections="1" reapTime="180" unusedTimeout="1800" agedTimeout="0" purgePolicy="EntirePool"/>
    </factories>
  </resources.jdbc:JDBCProvider>
  <resources.jms:JMSProvider xmi:id="builtin_jmsprovider" name="WebSphere JMS Provider" description="V5 Default Messaging Provider" externalInitialContextFactory="" externalProviderURL=""/>
  <resources.jms:JMSProvider xmi:id="builtin_mqprovider" name="WebSphere MQ JMS Provider" description="WebSphere MQ Messaging Provider" externalInitialContextFactory="" externalProviderURL=""/>
  <resources.j2c:J2CResourceAdapter xmi:id="builtin_rra" name="WebSphere Relational Resource Adapter" description="Built-in Relational Resource Adapter for WebSphere Persistence" archivePath="builtIn">
    <classpath></classpath>
    <factories xmi:type="resources.jdbc:CMPConnectorFactory" xmi:id="CMPConnectorFactory_1124467080201" name="Default_CF" authMechanismPreference="BASIC_PASSWORD" connectionDefinition="ConnectionDefinition_1054132487569" cmpDatasource="DataSource_1124467080076">
      <propertySet xmi:id="J2EEResourcePropertySet_1124467080201"/>
    </factories>
    <propertySet xmi:id="J2EEResourcePropertySet_8"/>
    <deploymentDescriptor xmi:id="Connector_1054132487569" displayName="WS_RdbResourceAdapter" vendorName="IBM" specVersion="1.5" eisType="RRA" version="6.0">
      <icons xmi:id="IconType_1054132487569" smallIcon="rdb_small_icon.jpg" largeIcon="rdb_large_icon.jpg"/>
      <displayNames xmi:id="DisplayName_1269897340325" value="WS_RdbResourceAdapter"/>
      <displayNames xmi:id="DisplayName_1269897170387" value="WS_RdbResourceAdapter"/>
      <displayNames xmi:id="DisplayName_1269897137512" value="WS_RdbResourceAdapter"/>
      <displayNames xmi:id="DisplayName_1269529748005" value="WS_RdbResourceAdapter"/>
      <displayNames xmi:id="DisplayName_1234268999878" value="WS_RdbResourceAdapter"/>
      <displayNames xmi:id="DisplayName_1234266673193" value="WS_RdbResourceAdapter"/>
      <displayNames xmi:id="DisplayName_1234187122169" value="WS_RdbResourceAdapter"/>
      <displayNames xmi:id="DisplayName_1234187068684" value="WS_RdbResourceAdapter"/>
      <displayNames xmi:id="DisplayName_1234186945697" value="WS_RdbResourceAdapter"/>
      <displayNames xmi:id="DisplayName_1233950181267" value="WS_RdbResourceAdapter"/>
      <displayNames xmi:id="DisplayName_1233950049503" value="WS_RdbResourceAdapter"/>
      <displayNames xmi:id="DisplayName_1233944857034" value="WS_RdbResourceAdapter"/>
      <displayNames xmi:id="DisplayName_1229455421593" value="WS_RdbResourceAdapter"/>
      <displayNames xmi:id="DisplayName_1124467079654" value="WS_RdbResourceAdapter"/>
      <displayNames xmi:id="DisplayName_1054132487569" value="WS_RdbResourceAdapter"/>
      <descriptions xmi:id="Description_1054132487569" value="IBM Relational ResourceAdapter"/>
      <license xmi:id="License_1054132487569" required="false">
        <descriptions xmi:id="Description_1054132487570" value="IBM Relational ResourceAdapter"/>
      </license>
      <resourceAdapter xmi:id="ResourceAdapter_1054132487569" transactionSupport="NoTransaction" reauthenticationSupport="false" resourceAdapterClass="com.ibm.ws.rsadapter.spi.WSResourceAdapterImpl">
        <outboundResourceAdapter xmi:id="OutboundResourceAdapter_1054132487569" reauthenticationSupport="false" transactionSupport="XATransaction">
          <connectionDefinitions xmi:id="ConnectionDefinition_1054132487569" managedConnectionFactoryClass="com.ibm.ws.rsadapter.spi.WSManagedConnectionFactoryImpl" connectionFactoryInterface="javax.resource.cci.ConnectionFactory" connectionFactoryImplClass="com.ibm.ws.rsadapter.cci.WSRdbConnectionFactoryImpl" connectionInterface="javax.resource.cci.Connection" connectionImplClass="com.ibm.ws.rsadapter.cci.WSRdbConnectionImpl">
            <configProperties xmi:id="ConfigProperty_1054132487569" name="ConnectionFactoryType" type="java.lang.Integer" value="2">
              <descriptions xmi:id="Description_1054132487571" value="A constant indicating the type of connection factory: WSJdbcDataSource (1) or WSRdbConnectionFactory (2)"/>
            </configProperties>
          </connectionDefinitions>
          <authenticationMechanisms xmi:id="AuthenticationMechanism_1054132487589" authenticationMechanismType="BasicPassword" credentialInterface="javax.resource.spi.security.PasswordCredential">
            <descriptions xmi:id="Description_1054132487590" value="BasicPassword authentication"/>
          </authenticationMechanisms>
          <authenticationMechanisms xmi:id="AuthenticationMechanism_1054132487590" authenticationMechanismType="Kerbv5" credentialInterface="javax.resource.spi.security.GenericCredential">
            <descriptions xmi:id="Description_1054132487591" value="Kerbv5 Authentication"/>
          </authenticationMechanisms>
        </outboundResourceAdapter>
      </resourceAdapter>
    </deploymentDescriptor>
    <connectionDefTemplateProps xmi:id="ConnectionDefTemplateProps_1054132487589" ConnectionDefinition="ConnectionDefinition_1054132487569"/>
  </resources.j2c:J2CResourceAdapter>
  <resources.mail:MailProvider xmi:id="builtin_mailprovider" name="Built-in Mail Provider" description="The built-in mail provider">
    <protocolProviders xmi:id="builtin_smtp" protocol="smtp" classname="com.sun.mail.smtp.SMTPTransport" type="TRANSPORT"/>
    <protocolProviders xmi:id="builtin_pop3" protocol="pop3" classname="com.sun.mail.pop3.POP3Store" type="STORE"/>
    <protocolProviders xmi:id="builtin_imap" protocol="imap" classname="com.sun.mail.imap.IMAPStore" type="STORE"/>
  </resources.mail:MailProvider>
  <resources.url:URLProvider xmi:id="URLProvider_1" name="Default URL Provider" streamHandlerClassName="unused" protocol="unused"/>
  <resources.jdbc:JDBCProvider xmi:id="JDBCProvider_1124467079638" name="Derby JDBC Provider" description="Derby embedded non-XA  JDBC Provider" providerType="Derby JDBC Provider" implementationClassName="org.apache.derby.jdbc.EmbeddedConnectionPoolDataSource" xa="false">
    <classpath>${DERBY_JDBC_DRIVER_PATH}/derby.jar</classpath>
    <factories xmi:type="resources.jdbc:DataSource" xmi:id="DataSource_1124467080076" name="Default Datasource" jndiName="DefaultDatasource" description="Datasource for the WebSphere Default Application" providerType="Derby JDBC Provider" authMechanismPreference="BASIC_PASSWORD" relationalResourceAdapter="builtin_rra" statementCacheSize="10" datasourceHelperClassname="com.ibm.websphere.rsadapter.DerbyDataStoreHelper">
      <propertySet xmi:id="J2EEResourcePropertySet_1124467080091">
        <resourceProperties xmi:id="J2EEResourceProperty_1124467080091" name="databaseName" type="java.lang.String" value="${APP_INSTALL_ROOT}/${CELL}/DefaultApplication.ear/DefaultDB"/>
        <resourceProperties xmi:id="J2EEResourceProperty_1124467080092" name="shutdownDatabase" type="java.lang.String" value=""/>
        <resourceProperties xmi:id="J2EEResourceProperty_1124467080093" name="dataSourceName" type="java.lang.String" value=""/>
        <resourceProperties xmi:id="J2EEResourceProperty_1124467080094" name="description" type="java.lang.String" value=""/>
        <resourceProperties xmi:id="J2EEResourceProperty_1124467080095" name="connectionAttributes" type="java.lang.String" value="upgrade=true"/>
        <resourceProperties xmi:id="J2EEResourceProperty_1124467080096" name="createDatabase" type="java.lang.String" value=""/>
      </propertySet>
      <connectionPool xmi:id="ConnectionPool_1124467080091" connectionTimeout="180" maxConnections="10" minConnections="1" reapTime="180" unusedTimeout="1800" agedTimeout="0" purgePolicy="EntirePool"/>
    </factories>
  </resources.jdbc:JDBCProvider>
  <resources.j2c:J2CResourceAdapter xmi:id="J2CResourceAdapter_1229455421593" name="SIB JMS Resource Adapter" description="Default messaging provider" archivePath="${WAS_INSTALL_ROOT}/installedConnectors/sib.api.jmsra.rar">
    <classpath>${WAS_INSTALL_ROOT}/installedConnectors/sib.api.jmsra.rar</classpath>
    <propertySet xmi:id="J2EEResourcePropertySet_1229455421608"/>
    <deploymentDescriptor xmi:id="Connector_1229455421608" displayName="WebSphere Default Messaging Provider" vendorName="IBM" specVersion="1.5" eisType="JMS Provider" version="0.3">
      <displayNames xmi:id="DisplayName_1269897340326" value="WebSphere Default Messaging Provider"/>
      <displayNames xmi:id="DisplayName_1269897170388" value="WebSphere Default Messaging Provider"/>
      <displayNames xmi:id="DisplayName_1269897137513" value="WebSphere Default Messaging Provider"/>
      <displayNames xmi:id="DisplayName_1269529748006" value="WebSphere Default Messaging Provider"/>
      <displayNames xmi:id="DisplayName_1234268999879" value="WebSphere Default Messaging Provider"/>
      <displayNames xmi:id="DisplayName_1234266673208" value="WebSphere Default Messaging Provider"/>
      <displayNames xmi:id="DisplayName_1234187122170" value="WebSphere Default Messaging Provider"/>
      <displayNames xmi:id="DisplayName_1234187068685" value="WebSphere Default Messaging Provider"/>
      <displayNames xmi:id="DisplayName_1234186945698" value="WebSphere Default Messaging Provider"/>
      <displayNames xmi:id="DisplayName_1233950181268" value="WebSphere Default Messaging Provider"/>
      <displayNames xmi:id="DisplayName_1233950049504" value="WebSphere Default Messaging Provider"/>
      <displayNames xmi:id="DisplayName_1233944857035" value="WebSphere Default Messaging Provider"/>
      <displayNames xmi:id="DisplayName_1229455421608" value="WebSphere Default Messaging Provider"/>
      <displayNames xmi:id="DisplayName_1229455421609" value="WebSphere Default Messaging Provider"/>
      <displayNames xmi:id="DisplayName_1229455421610" value="WebSphere Default Messaging Provider"/>
      <displayNames xmi:id="DisplayName_1229455421611" value="WebSphere Default Messaging Provider"/>
      <resourceAdapter xmi:id="ResourceAdapter_1229455421608" transactionSupport="NoTransaction" reauthenticationSupport="false" resourceAdapterClass="com.ibm.ws.sib.api.jmsra.impl.JmsJcaResourceAdapterImpl">
        <outboundResourceAdapter xmi:id="OutboundResourceAdapter_1229455421608" reauthenticationSupport="false" transactionSupport="XATransaction">
          <connectionDefinitions xmi:id="ConnectionDefinition_1229455421608" managedConnectionFactoryClass="com.ibm.ws.sib.api.jmsra.impl.JmsJcaManagedQueueConnectionFactoryImpl" connectionFactoryInterface="javax.jms.QueueConnectionFactory" connectionFactoryImplClass="com.ibm.ws.sib.api.jms.impl.JmsQueueConnFactoryImpl" connectionInterface="javax.jms.QueueConnection" connectionImplClass="com.ibm.ws.sib.api.jms.impl.JmsQueueConnectionImpl">
            <configProperties xmi:id="ConfigProperty_1229455421608" name="BusName" type="java.lang.String"/>
            <configProperties xmi:id="ConfigProperty_1229455421609" name="ClientID" type="java.lang.String"/>
            <configProperties xmi:id="ConfigProperty_1229455421610" name="UserName" type="java.lang.String"/>
            <configProperties xmi:id="ConfigProperty_1229455421611" name="Password" type="java.lang.String"/>
            <configProperties xmi:id="ConfigProperty_1229455421612" name="NonPersistentMapping" type="java.lang.String" value="ExpressNonPersistent"/>
            <configProperties xmi:id="ConfigProperty_1229455421613" name="PersistentMapping" type="java.lang.String" value="ReliablePersistent"/>
            <configProperties xmi:id="ConfigProperty_1229455421614" name="ReadAhead" type="java.lang.String" value="Default"/>
            <configProperties xmi:id="ConfigProperty_1229455421615" name="Target" type="java.lang.String"/>
            <configProperties xmi:id="ConfigProperty_1229455421616" name="TargetType" type="java.lang.String" value="BusMember"/>
            <configProperties xmi:id="ConfigProperty_1229455421617" name="TargetSignificance" type="java.lang.String" value="Preferred"/>
            <configProperties xmi:id="ConfigProperty_1229455421618" name="RemoteProtocol" type="java.lang.String"/>
            <configProperties xmi:id="ConfigProperty_1229455421619" name="TargetTransportChain" type="java.lang.String"/>
            <configProperties xmi:id="ConfigProperty_1229455421620" name="ProviderEndpoints" type="java.lang.String"/>
            <configProperties xmi:id="ConfigProperty_1229455421621" name="ConnectionProximity" type="java.lang.String" value="Bus"/>
            <configProperties xmi:id="ConfigProperty_1229455421622" name="TemporaryQueueNamePrefix" type="java.lang.String"/>
            <configProperties xmi:id="ConfigProperty_1229455421623" name="ShareDataSourceWithCMP" type="java.lang.Boolean" value="false"/>
          </connectionDefinitions>
          <connectionDefinitions xmi:id="ConnectionDefinition_1229455421609" managedConnectionFactoryClass="com.ibm.ws.sib.api.jmsra.impl.JmsJcaManagedTopicConnectionFactoryImpl" connectionFactoryInterface="javax.jms.TopicConnectionFactory" connectionFactoryImplClass="com.ibm.ws.sib.api.jms.impl.JmsTopicConnFactoryImpl" connectionInterface="javax.jms.TopicConnection" connectionImplClass="com.ibm.ws.sib.api.jms.impl.JmsTopicConnectionImpl">
            <configProperties xmi:id="ConfigProperty_1229455421624" name="BusName" type="java.lang.String"/>
            <configProperties xmi:id="ConfigProperty_1229455421625" name="ClientID" type="java.lang.String"/>
            <configProperties xmi:id="ConfigProperty_1229455421626" name="UserName" type="java.lang.String"/>
            <configProperties xmi:id="ConfigProperty_1229455421627" name="Password" type="java.lang.String"/>
            <configProperties xmi:id="ConfigProperty_1229455421628" name="NonPersistentMapping" type="java.lang.String" value="ExpressNonPersistent"/>
            <configProperties xmi:id="ConfigProperty_1229455421629" name="PersistentMapping" type="java.lang.String" value="ReliablePersistent"/>
            <configProperties xmi:id="ConfigProperty_1229455421630" name="DurableSubscriptionHome" type="java.lang.String"/>
            <configProperties xmi:id="ConfigProperty_1229455421631" name="ReadAhead" type="java.lang.String" value="Default"/>
            <configProperties xmi:id="ConfigProperty_1229455421632" name="Target" type="java.lang.String"/>
            <configProperties xmi:id="ConfigProperty_1229455421633" name="TargetType" type="java.lang.String" value="BusMember"/>
            <configProperties xmi:id="ConfigProperty_1229455421634" name="TargetSignificance" type="java.lang.String" value="Preferred"/>
            <configProperties xmi:id="ConfigProperty_1229455421635" name="RemoteProtocol" type="java.lang.String"/>
            <configProperties xmi:id="ConfigProperty_1229455421636" name="TargetTransportChain" type="java.lang.String"/>
            <configProperties xmi:id="ConfigProperty_1229455421637" name="ProviderEndpoints" type="java.lang.String"/>
            <configProperties xmi:id="ConfigProperty_1229455421638" name="ConnectionProximity" type="java.lang.String" value="Bus"/>
            <configProperties xmi:id="ConfigProperty_1229455421639" name="TemporaryTopicNamePrefix" type="java.lang.String"/>
            <configProperties xmi:id="ConfigProperty_1229455421640" name="ShareDataSourceWithCMP" type="java.lang.Boolean" value="false"/>
            <configProperties xmi:id="ConfigProperty_1229455421641" name="ShareDurableSubscriptions" type="java.lang.String" value="InCluster"/>
          </connectionDefinitions>
          <connectionDefinitions xmi:id="ConnectionDefinition_1229455421610" managedConnectionFactoryClass="com.ibm.ws.sib.api.jmsra.impl.JmsJcaManagedConnectionFactoryImpl" connectionFactoryInterface="javax.jms.ConnectionFactory" connectionFactoryImplClass="com.ibm.ws.sib.api.jms.impl.JmsConnFactoryImpl" connectionInterface="javax.jms.Connection" connectionImplClass="com.ibm.ws.sib.api.jms.impl.JmsConnectionImpl">
            <configProperties xmi:id="ConfigProperty_1229455421642" name="BusName" type="java.lang.String"/>
            <configProperties xmi:id="ConfigProperty_1229455421643" name="ClientID" type="java.lang.String"/>
            <configProperties xmi:id="ConfigProperty_1229455421644" name="UserName" type="java.lang.String"/>
            <configProperties xmi:id="ConfigProperty_1229455421645" name="Password" type="java.lang.String"/>
            <configProperties xmi:id="ConfigProperty_1229455421646" name="NonPersistentMapping" type="java.lang.String" value="ExpressNonPersistent"/>
            <configProperties xmi:id="ConfigProperty_1229455421647" name="PersistentMapping" type="java.lang.String" value="ReliablePersistent"/>
            <configProperties xmi:id="ConfigProperty_1229455421648" name="DurableSubscriptionHome" type="java.lang.String"/>
            <configProperties xmi:id="ConfigProperty_1229455421649" name="ReadAhead" type="java.lang.String" value="Default"/>
            <configProperties xmi:id="ConfigProperty_1229455421650" name="Target" type="java.lang.String"/>
            <configProperties xmi:id="ConfigProperty_1229455421651" name="TargetType" type="java.lang.String" value="BusMember"/>
            <configProperties xmi:id="ConfigProperty_1229455421652" name="TargetSignificance" type="java.lang.String" value="Preferred"/>
            <configProperties xmi:id="ConfigProperty_1229455421653" name="RemoteProtocol" type="java.lang.String"/>
            <configProperties xmi:id="ConfigProperty_1229455421654" name="TargetTransportChain" type="java.lang.String"/>
            <configProperties xmi:id="ConfigProperty_1229455421655" name="ProviderEndpoints" type="java.lang.String"/>
            <configProperties xmi:id="ConfigProperty_1229455421656" name="ConnectionProximity" type="java.lang.String" value="Bus"/>
            <configProperties xmi:id="ConfigProperty_1229455421657" name="TemporaryQueueNamePrefix" type="java.lang.String"/>
            <configProperties xmi:id="ConfigProperty_1229455421658" name="TemporaryTopicNamePrefix" type="java.lang.String"/>
            <configProperties xmi:id="ConfigProperty_1229455421659" name="ShareDataSourceWithCMP" type="java.lang.Boolean" value="false"/>
            <configProperties xmi:id="ConfigProperty_1229455421660" name="ShareDurableSubscriptions" type="java.lang.String" value="InCluster"/>
          </connectionDefinitions>
          <authenticationMechanisms xmi:id="AuthenticationMechanism_1229455421608" authenticationMechanismType="BasicPassword" credentialInterface="javax.resource.spi.security.PasswordCredential"/>
        </outboundResourceAdapter>
        <inboundResourceAdapter xmi:id="InboundResourceAdapter_1229455421608">
          <messageAdapter xmi:id="MessageAdapter_1229455421608">
            <messageListeners xmi:id="MessageListener_1229455421608" messageListenerType="javax.jms.MessageListener">
              <activationSpec xmi:id="ActivationSpec_1229455421608" activationSpecClass="com.ibm.ws.sib.api.jmsra.impl.JmsJcaActivationSpecImpl">
                <requiredConfigProperties xmi:id="RequiredConfigPropertyType_1229455421608" name="destination"/>
                <requiredConfigProperties xmi:id="RequiredConfigPropertyType_1229455421609" name="destinationType"/>
                <requiredConfigProperties xmi:id="RequiredConfigPropertyType_1229455421610" name="busName"/>
              </activationSpec>
            </messageListeners>
          </messageAdapter>
        </inboundResourceAdapter>
        <adminObjects xmi:id="AdminObject_1229455421608" adminObjectInterface="javax.jms.Queue" adminObjectClass="com.ibm.ws.sib.api.jms.impl.JmsQueueImpl">
          <configProperties xmi:id="ConfigProperty_1229455421661" name="QueueName" type="java.lang.String"/>
          <configProperties xmi:id="ConfigProperty_1229455421662" name="DeliveryMode" type="java.lang.String" value="Application"/>
          <configProperties xmi:id="ConfigProperty_1229455421663" name="TimeToLive" type="java.lang.Long"/>
          <configProperties xmi:id="ConfigProperty_1229455421664" name="Priority" type="java.lang.Integer"/>
          <configProperties xmi:id="ConfigProperty_1229455421665" name="ReadAhead" type="java.lang.String" value="AsConnection"/>
          <configProperties xmi:id="ConfigProperty_1229455421666" name="BusName" type="java.lang.String"/>
        </adminObjects>
        <adminObjects xmi:id="AdminObject_1229455421609" adminObjectInterface="javax.jms.Topic" adminObjectClass="com.ibm.ws.sib.api.jms.impl.JmsTopicImpl">
          <configProperties xmi:id="ConfigProperty_1229455421667" name="TopicSpace" type="java.lang.String" value="Default.Topic.Space"/>
          <configProperties xmi:id="ConfigProperty_1229455421668" name="TopicName" type="java.lang.String"/>
          <configProperties xmi:id="ConfigProperty_1229455421669" name="DeliveryMode" type="java.lang.String" value="Application"/>
          <configProperties xmi:id="ConfigProperty_1229455421670" name="TimeToLive" type="java.lang.Long"/>
          <configProperties xmi:id="ConfigProperty_1229455421671" name="Priority" type="java.lang.Integer"/>
          <configProperties xmi:id="ConfigProperty_1229455421672" name="ReadAhead" type="java.lang.String" value="AsConnection"/>
          <configProperties xmi:id="ConfigProperty_1229455421673" name="BusName" type="java.lang.String"/>
        </adminObjects>
      </resourceAdapter>
    </deploymentDescriptor>
    <connectionDefTemplateProps xmi:id="ConnectionDefTemplateProps_1229455421608" ConnectionDefinition="ConnectionDefinition_1229455421608">
      <resourceProperties xmi:id="J2EEResourceProperty_1229455421608" name="BusName" type="java.lang.String" required="false"/>
      <resourceProperties xmi:id="J2EEResourceProperty_1229455421609" name="ClientID" type="java.lang.String" required="false"/>
      <resourceProperties xmi:id="J2EEResourceProperty_1229455421610" name="ConnectionProximity" type="java.lang.String" value="Bus" required="false"/>
      <resourceProperties xmi:id="J2EEResourceProperty_1229455421611" name="durableSubscriptionHome" type="java.lang.String" required="false"/>
      <resourceProperties xmi:id="J2EEResourceProperty_1229455421612" name="NonPersistentMapping" type="java.lang.String" value="ExpressNonPersistent" required="false"/>
      <resourceProperties xmi:id="J2EEResourceProperty_1229455421613" name="Password" type="java.lang.String" required="false"/>
      <resourceProperties xmi:id="J2EEResourceProperty_1229455421614" name="PersistentMapping" type="java.lang.String" value="ReliablePersistent" required="false"/>
      <resourceProperties xmi:id="J2EEResourceProperty_1229455421615" name="ProviderEndpoints" type="java.lang.String" required="false"/>
      <resourceProperties xmi:id="J2EEResourceProperty_1229455421616" name="ReadAhead" type="java.lang.String" value="Default" required="false"/>
      <resourceProperties xmi:id="J2EEResourceProperty_1229455421617" name="RemoteProtocol" type="java.lang.String" required="false"/>
      <resourceProperties xmi:id="J2EEResourceProperty_1229455421618" name="TargetTransportChain" type="java.lang.String" required="false"/>
      <resourceProperties xmi:id="J2EEResourceProperty_1229455421619" name="ShareDataSourceWithCMP" type="java.lang.Boolean" value="false" required="false"/>
      <resourceProperties xmi:id="J2EEResourceProperty_1229455421620" name="shareDurableSubscriptions" type="java.lang.String" value="AsCluster" required="false"/>
      <resourceProperties xmi:id="J2EEResourceProperty_1229455421621" name="Target" type="java.lang.String" required="false"/>
      <resourceProperties xmi:id="J2EEResourceProperty_1229455421622" name="TargetSignificance" type="java.lang.String" value="Preferred" required="false"/>
      <resourceProperties xmi:id="J2EEResourceProperty_1229455421623" name="TargetType" type="java.lang.String" value="BusMember" required="false"/>
      <resourceProperties xmi:id="J2EEResourceProperty_1229455421624" name="TemporaryQueueNamePrefix" type="java.lang.String" required="false"/>
      <resourceProperties xmi:id="J2EEResourceProperty_1229455421625" name="temporaryTopicNamePrefix" type="java.lang.String" required="false"/>
      <resourceProperties xmi:id="J2EEResourceProperty_1229455421626" name="UserName" type="java.lang.String" required="false"/>
    </connectionDefTemplateProps>
    <connectionDefTemplateProps xmi:id="ConnectionDefTemplateProps_1229455421609" ConnectionDefinition="ConnectionDefinition_1229455421609">
      <resourceProperties xmi:id="J2EEResourceProperty_1229455421627" name="BusName" type="java.lang.String" required="false"/>
      <resourceProperties xmi:id="J2EEResourceProperty_1229455421628" name="ClientID" type="java.lang.String" required="false"/>
      <resourceProperties xmi:id="J2EEResourceProperty_1229455421629" name="ConnectionProximity" type="java.lang.String" value="Bus" required="false"/>
      <resourceProperties xmi:id="J2EEResourceProperty_1229455421630" name="DurableSubscriptionHome" type="java.lang.String" required="false"/>
      <resourceProperties xmi:id="J2EEResourceProperty_1229455421631" name="NonPersistentMapping" type="java.lang.String" value="ExpressNonPersistent" required="false"/>
      <resourceProperties xmi:id="J2EEResourceProperty_1229455421632" name="Password" type="java.lang.String" required="false"/>
      <resourceProperties xmi:id="J2EEResourceProperty_1229455421633" name="PersistentMapping" type="java.lang.String" value="ReliablePersistent" required="false"/>
      <resourceProperties xmi:id="J2EEResourceProperty_1229455421634" name="ProviderEndpoints" type="java.lang.String" required="false"/>
      <resourceProperties xmi:id="J2EEResourceProperty_1229455421635" name="ReadAhead" type="java.lang.String" value="Default" required="false"/>
      <resourceProperties xmi:id="J2EEResourceProperty_1229455421636" name="RemoteProtocol" type="java.lang.String" required="false"/>
      <resourceProperties xmi:id="J2EEResourceProperty_1229455421637" name="TargetTransportChain" type="java.lang.String" required="false"/>
      <resourceProperties xmi:id="J2EEResourceProperty_1229455421638" name="ShareDataSourceWithCMP" type="java.lang.Boolean" value="false" required="false"/>
      <resourceProperties xmi:id="J2EEResourceProperty_1229455421639" name="ShareDurableSubscriptions" type="java.lang.String" value="InCluster" required="false"/>
      <resourceProperties xmi:id="J2EEResourceProperty_1229455421640" name="Target" type="java.lang.String" required="false"/>
      <resourceProperties xmi:id="J2EEResourceProperty_1229455421641" name="TargetSignificance" type="java.lang.String" value="Preferred" required="false"/>
      <resourceProperties xmi:id="J2EEResourceProperty_1229455421642" name="TargetType" type="java.lang.String" value="BusMember" required="false"/>
      <resourceProperties xmi:id="J2EEResourceProperty_1229455421643" name="temporaryQueueNamePrefix" type="java.lang.String" required="false"/>
      <resourceProperties xmi:id="J2EEResourceProperty_1229455421644" name="TemporaryTopicNamePrefix" type="java.lang.String" required="false"/>
      <resourceProperties xmi:id="J2EEResourceProperty_1229455421645" name="UserName" type="java.lang.String" required="false"/>
    </connectionDefTemplateProps>
    <connectionDefTemplateProps xmi:id="ConnectionDefTemplateProps_1229455421610" ConnectionDefinition="ConnectionDefinition_1229455421610">
      <resourceProperties xmi:id="J2EEResourceProperty_1229455421646" name="BusName" type="java.lang.String" required="false"/>
      <resourceProperties xmi:id="J2EEResourceProperty_1229455421647" name="ClientID" type="java.lang.String" required="false"/>
      <resourceProperties xmi:id="J2EEResourceProperty_1229455421648" name="ConnectionProximity" type="java.lang.String" value="Bus" required="false"/>
      <resourceProperties xmi:id="J2EEResourceProperty_1229455421649" name="DurableSubscriptionHome" type="java.lang.String" required="false"/>
      <resourceProperties xmi:id="J2EEResourceProperty_1229455421650" name="NonPersistentMapping" type="java.lang.String" value="ExpressNonPersistent" required="false"/>
      <resourceProperties xmi:id="J2EEResourceProperty_1229455421651" name="Password" type="java.lang.String" required="false"/>
      <resourceProperties xmi:id="J2EEResourceProperty_1229455421652" name="PersistentMapping" type="java.lang.String" value="ReliablePersistent" required="false"/>
      <resourceProperties xmi:id="J2EEResourceProperty_1229455421653" name="ProviderEndpoints" type="java.lang.String" required="false"/>
      <resourceProperties xmi:id="J2EEResourceProperty_1229455421654" name="ReadAhead" type="java.lang.String" value="Default" required="false"/>
      <resourceProperties xmi:id="J2EEResourceProperty_1229455421655" name="RemoteProtocol" type="java.lang.String" required="false"/>
      <resourceProperties xmi:id="J2EEResourceProperty_1229455421656" name="TargetTransportChain" type="java.lang.String" required="false"/>
      <resourceProperties xmi:id="J2EEResourceProperty_1229455421657" name="ShareDataSourceWithCMP" type="java.lang.Boolean" value="false" required="false"/>
      <resourceProperties xmi:id="J2EEResourceProperty_1229455421658" name="ShareDurableSubscriptions" type="java.lang.String" value="InCluster" required="false"/>
      <resourceProperties xmi:id="J2EEResourceProperty_1229455421659" name="Target" type="java.lang.String" required="false"/>
      <resourceProperties xmi:id="J2EEResourceProperty_1229455421660" name="TargetSignificance" type="java.lang.String" value="Preferred" required="false"/>
      <resourceProperties xmi:id="J2EEResourceProperty_1229455421661" name="TargetType" type="java.lang.String" value="BusMember" required="false"/>
      <resourceProperties xmi:id="J2EEResourceProperty_1229455421662" name="TemporaryQueueNamePrefix" type="java.lang.String" required="false"/>
      <resourceProperties xmi:id="J2EEResourceProperty_1229455421663" name="TemporaryTopicNamePrefix" type="java.lang.String" required="false"/>
      <resourceProperties xmi:id="J2EEResourceProperty_1229455421664" name="UserName" type="java.lang.String" required="false"/>
    </connectionDefTemplateProps>
    <activationSpecTemplateProps xmi:id="ActivationSpecTemplateProps_1229455421608" activationSpec="ActivationSpec_1229455421608">
      <resourceProperties xmi:id="J2EEResourceProperty_1229455421665" name="acknowledgeMode" type="java.lang.String" value="Auto-acknowledge" required="false"/>
      <resourceProperties xmi:id="J2EEResourceProperty_1229455421666" name="busName" type="java.lang.String" required="false"/>
      <resourceProperties xmi:id="J2EEResourceProperty_1229455421667" name="clientId" type="java.lang.String" required="false"/>
      <resourceProperties xmi:id="J2EEResourceProperty_1229455421668" name="destination" type="javax.jms.Destination" required="false"/>
      <resourceProperties xmi:id="J2EEResourceProperty_1229455421669" name="destinationType" type="java.lang.String" required="true"/>
      <resourceProperties xmi:id="J2EEResourceProperty_1229455421670" name="durableSubscriptionHome" type="java.lang.String" required="false"/>
      <resourceProperties xmi:id="J2EEResourceProperty_1229455421671" name="maxBatchSize" type="java.lang.Integer" value="1" required="false"/>
      <resourceProperties xmi:id="J2EEResourceProperty_1229455421672" name="maxConcurrency" type="java.lang.Integer" value="10" required="false"/>
      <resourceProperties xmi:id="J2EEResourceProperty_1229455421673" name="maxSequentialMessageFailure" type="java.lang.Integer" value="-1" required="false"/>
      <resourceProperties xmi:id="J2EEResourceProperty_1229455421674" name="messageSelector" type="java.lang.String" required="false"/>
      <resourceProperties xmi:id="J2EEResourceProperty_1229455421675" name="password" type="java.lang.String" required="false"/>
      <resourceProperties xmi:id="J2EEResourceProperty_1229455421676" name="readAhead" type="java.lang.String" value="Default" required="false"/>
      <resourceProperties xmi:id="J2EEResourceProperty_1229455421677" name="shareDataSourceWithCMP" type="java.lang.Boolean" value="false" required="false"/>
      <resourceProperties xmi:id="J2EEResourceProperty_1229455421678" name="shareDurableSubscriptions" type="java.lang.String" value="InCluster" required="false"/>
      <resourceProperties xmi:id="J2EEResourceProperty_1229455421679" name="subscriptionDurability" type="java.lang.String" value="NonDurable" required="false"/>
      <resourceProperties xmi:id="J2EEResourceProperty_1229455421680" name="subscriptionName" type="java.lang.String" required="false"/>
      <resourceProperties xmi:id="J2EEResourceProperty_1229455421681" name="target" type="java.lang.String" required="false"/>
      <resourceProperties xmi:id="J2EEResourceProperty_1229455421682" name="targetSignificance" type="java.lang.String" required="false"/>
      <resourceProperties xmi:id="J2EEResourceProperty_1229455421683" name="targetTransportChain" type="java.lang.String" required="false"/>
      <resourceProperties xmi:id="J2EEResourceProperty_1229455421684" name="targetType" type="java.lang.String" required="false"/>
      <resourceProperties xmi:id="J2EEResourceProperty_1229455421685" name="userName" type="java.lang.String" required="false"/>
      <complexPropertySet xmi:id="J2EEResourcePropertySet_1229455421624">
        <resourceProperties xmi:id="J2EEResourceProperty_1229455421686" name="destination" type="javax.jms.Destination" required="false"/>
      </complexPropertySet>
    </activationSpecTemplateProps>
    <adminObjectTemplateProps xmi:id="AdminObjectTemplateProps_1229455421624" adminObject="AdminObject_1229455421608">
      <properties xmi:id="J2EEResourceProperty_1229455421687" name="BusName" type="java.lang.String" required="false"/>
      <properties xmi:id="J2EEResourceProperty_1229455421688" name="DeliveryMode" type="java.lang.String" value="Application" required="false"/>
      <properties xmi:id="J2EEResourceProperty_1229455421689" name="forwardRoutingPath" type="[Ljava.lang.String;" required="false"/>
      <properties xmi:id="J2EEResourceProperty_1229455421690" name="Priority" type="java.lang.Integer" required="false"/>
      <properties xmi:id="J2EEResourceProperty_1229455421691" name="QueueName" type="java.lang.String" required="false"/>
      <properties xmi:id="J2EEResourceProperty_1229455421692" name="ReadAhead" type="java.lang.String" value="AsConnection" required="false"/>
      <properties xmi:id="J2EEResourceProperty_1229455421693" name="reverseRoutingPath" type="[Ljava.lang.String;" required="false"/>
      <properties xmi:id="J2EEResourceProperty_1229455421694" name="TimeToLive" type="java.lang.Long" required="false"/>
    </adminObjectTemplateProps>
    <adminObjectTemplateProps xmi:id="AdminObjectTemplateProps_1229455421625" adminObject="AdminObject_1229455421609">
      <properties xmi:id="J2EEResourceProperty_1229455421695" name="BusName" type="java.lang.String" required="false"/>
      <properties xmi:id="J2EEResourceProperty_1229455421696" name="DeliveryMode" type="java.lang.String" value="Application" required="false"/>
      <properties xmi:id="J2EEResourceProperty_1229455421697" name="forwardRoutingPath" type="[Ljava.lang.String;" required="false"/>
      <properties xmi:id="J2EEResourceProperty_1229455421698" name="Priority" type="java.lang.Integer" required="false"/>
      <properties xmi:id="J2EEResourceProperty_1229455421699" name="ReadAhead" type="java.lang.String" value="AsConnection" required="false"/>
      <properties xmi:id="J2EEResourceProperty_1229455421700" name="reverseRoutingPath" type="[Ljava.lang.String;" required="false"/>
      <properties xmi:id="J2EEResourceProperty_1229455421701" name="TimeToLive" type="java.lang.Long" required="false"/>
      <properties xmi:id="J2EEResourceProperty_1229455421702" name="TopicName" type="java.lang.String" required="false"/>
      <properties xmi:id="J2EEResourceProperty_1229455421703" name="TopicSpace" type="java.lang.String" value="Default.Topic.Space" required="false"/>
    </adminObjectTemplateProps>
  </resources.j2c:J2CResourceAdapter>
  <resources.jdbc:JDBCProvider xmi:id="JDBCProvider_1233944857034" name="DB2 Legacy CLI-based Type 2 JDBC Driver" description="Deprecated - DB2 JDBC2-compliant Provider" providerType="DB2 Legacy CLI-based Type 2 JDBC Driver" implementationClassName="COM.ibm.db2.jdbc.DB2ConnectionPoolDataSource" xa="false">
    <classpath>${DB2_JDBC_DRIVER_PATH}/db2java.zip</classpath>
    <factories xmi:type="resources.jdbc:DataSource" xmi:id="DataSource_1233950049456" name="Portal" jndiName="jdbc/Portal" description="Deprecated - New JDBC Datasource" providerType="DB2 Legacy CLI-based Type 2 JDBC Driver" authMechanismPreference="BASIC_PASSWORD" manageCachedHandles="false" logMissingTransactionContext="true" diagnoseConnectionUsage="false" relationalResourceAdapter="builtin_rra" statementCacheSize="10" datasourceHelperClassname="com.ibm.websphere.rsadapter.DB2DataStoreHelper">
      <propertySet xmi:id="J2EEResourcePropertySet_1233950049518">
        <resourceProperties xmi:id="J2EEResourceProperty_1233950049518" name="databaseName" type="java.lang.String" value="DSN2" description="This is a required property. The database name. For example, enter sample to make your Data Source point to jdbc:db2:sample." required="true"/>
        <resourceProperties xmi:id="J2EEResourceProperty_1233950049519" name="description" type="java.lang.String" value="" description="The description of this datasource." required="false"/>
        <resourceProperties xmi:id="J2EEResourceProperty_1233950049520" name="connectionAttribute" type="java.lang.String" value="cursorhold=0" description="The connection attributes. Refer to the DB2 reference for the list of connection attributes." required="false"/>
        <resourceProperties xmi:id="J2EEResourceProperty_1233950049521" name="enableMultithreadedAccessDetection" type="java.lang.Boolean" value="false" description="Indicates whether or not to detect multithreaded access to a Connection and its corresponding Statements, ResultSets, and MetaDatas." required="false"/>
        <resourceProperties xmi:id="J2EEResourceProperty_1233950049522" name="reauthentication" type="java.lang.Boolean" value="false" description="Specifies whether to allow reauthentication of connections.  This option requires implementation of the doConnectionSetupPerTransaction() method on the DataStoreHelper where the reauthentication is expected to take place." required="false"/>
        <resourceProperties xmi:id="J2EEResourceProperty_1233950049523" name="jmsOnePhaseOptimization" type="java.lang.Boolean" value="false" description="Specifies whether to allow JMS to get optimized connections from this datasource.  This option will prevent JDBC Applications from getting connections." required="false"/>
        <resourceProperties xmi:id="J2EEResourceProperty_1233950049524" name="preTestSQLString" type="java.lang.String" value="SELECT CURRENT SQLID FROM SYSIBM.SYSDUMMY1" description="This SQL statement is used for pre-test connection function. For example, SELECT 1 FROM [TESTTABLE]. If pre-testing of connection is enabled for the connection pool, this SQL statement will be executed to the connection to make sure the connection is good. If you leave this field blank, the default SQL statement, SELECT CURRENT SQLID FROM SYSIBM.SYSDUMMY1, will be used at runtime. This will slow down the execution because of the exception handling if table SYSIBM.SYSDUMMY1 is not defined in the database. Users are recommended to provide their own SQL statement to improve the performance." required="false"/>
        <resourceProperties xmi:id="J2EEResourceProperty_1233950049525" name="validateNewConnection" type="java.lang.Boolean" value="false" description="Setting this flag to true will cause to WebSphere Application Server to validate connections when they first get created and to keep trying to get a good connection from the database if the validation fails. Setting this flag to false prevents any additional validation from being performed - newly created connections are assumed to be valid and usable. " required="false"/>
        <resourceProperties xmi:id="J2EEResourceProperty_1233950049526" name="validateNewConnectionRetryCount" type="java.lang.Integer" value="100" description="This is useful only if validateNewConnection flag is true.  This property controls how many times WebSphere will try to get a connection from the database before giving up" required="false"/>
        <resourceProperties xmi:id="J2EEResourceProperty_1233950049527" name="validateNewConnectionRetryInterval" type="java.lang.Long" value="3" description="This is useful only if validateNewConnection flag is true.  This property controls the interval between retries to retrieve a connection from the database.  Unit is seconds" required="false"/>
        <resourceProperties xmi:id="J2EEResourceProperty_1233950049528" name="dbFailOverEnabled" type="java.lang.Boolean" value="" description="Deprecated. Please use the validateNewConnection property instead. This flag should be set to true only if the backend database is configured with failover capability.  This flag will indicate to WebSphere to validate connections when they first get created and to keep trying to get a good connection from the database when the validation fails." required="false"/>
        <resourceProperties xmi:id="J2EEResourceProperty_1233950049529" name="connRetriesDuringDBFailover" type="java.lang.Integer" value="" description="Deprecated. Please use the validateNewConnectionRetryCount property instead. This is useful only if dbFailOverEnabled flag is true.  This property controls how many times WebSphere will try to get a connection from the database before giving up" required="false"/>
        <resourceProperties xmi:id="J2EEResourceProperty_1233950049530" name="connRetryIntervalDuringDBFailover" type="java.lang.Long" value="" description="Deprecated. Please use the validateNewConnectionRetryInterval instead. This is useful only if dbFailOverEnabled flag is true.  This property controls the interval between retries to retrieve a connection from the database." required="false"/>
      </propertySet>
      <connectionPool xmi:id="ConnectionPool_1233950049518" connectionTimeout="1800" maxConnections="2" minConnections="0" reapTime="180" unusedTimeout="1800" agedTimeout="0" purgePolicy="EntirePool" numberOfSharedPoolPartitions="0" numberOfUnsharedPoolPartitions="0" numberOfFreePoolPartitions="0" freePoolDistributionTableSize="0" surgeThreshold="-1" surgeCreationInterval="0" testConnection="false" testConnectionInterval="0" stuckTimerTime="0" stuckTime="0" stuckThreshold="0"/>
      <mapping xmi:id="MappingModule_1234187122169" mappingConfigAlias="" authDataAlias=""/>
    </factories>
  </resources.jdbc:JDBCProvider>
  <resources.jdbc:JDBCProvider xmi:id="JDBCProvider_1234186945697" name="DB2 Legacy CLI-based Type 2 JDBC Driver (XA)" description="Deprecated - DB2 JDBC2-compliant Provider" providerType="DB2 Legacy CLI-based Type 2 JDBC Driver (XA)" implementationClassName="COM.ibm.db2.jdbc.DB2XADataSource" xa="true">
    <classpath>${DB2_JDBC_DRIVER_PATH}/db2java.zip</classpath>
    <classpath>${DB2_SQLJ_PATH}/db2jcc.jar</classpath>
    <factories xmi:type="resources.jdbc:DataSource" xmi:id="DataSource_1234186945884" name="PortalUDB" jndiName="jdbc/PortalUDB" description="Deprecated - New JDBC Datasource" providerType="DB2 Legacy CLI-based Type 2 JDBC Driver (XA)" authMechanismPreference="BASIC_PASSWORD" manageCachedHandles="false" logMissingTransactionContext="true" diagnoseConnectionUsage="false" relationalResourceAdapter="builtin_rra" statementCacheSize="10" datasourceHelperClassname="com.ibm.websphere.rsadapter.DB2DataStoreHelper">
      <propertySet xmi:id="J2EEResourcePropertySet_1234186945884">
        <resourceProperties xmi:id="J2EEResourceProperty_1234186945884" name="databaseName" type="java.lang.String" value="DEV2PRTL" description="This is a required property. The database name. For example, enter sample to make your Data Source point to jdbc:db2:sample." required="true"/>
        <resourceProperties xmi:id="J2EEResourceProperty_1234186945885" name="description" type="java.lang.String" value="" description="The description of this datasource." required="false"/>
        <resourceProperties xmi:id="J2EEResourceProperty_1234186945886" name="connectionAttribute" type="java.lang.String" value="cursorhold=0" description="The connection attributes. Refer to the DB2 reference for the list of connection attributes." required="false"/>
        <resourceProperties xmi:id="J2EEResourceProperty_1234186945887" name="enableMultithreadedAccessDetection" type="java.lang.Boolean" value="false" description="Indicates whether or not to detect multithreaded access to a Connection and its corresponding Statements, ResultSets, and MetaDatas." required="false"/>
        <resourceProperties xmi:id="J2EEResourceProperty_1234186945888" name="reauthentication" type="java.lang.Boolean" value="false" description="Specifies whether to allow reauthentication of connections.  This option requires implementation of the doConnectionSetupPerTransaction() method on the DataStoreHelper where the reauthentication is expected to take place." required="false"/>
        <resourceProperties xmi:id="J2EEResourceProperty_1234186945889" name="preTestSQLString" type="java.lang.String" value="SELECT CURRENT SQLID FROM SYSIBM.SYSDUMMY1" description="This SQL statement is used for pre-test connection function. For example, SELECT 1 FROM [TESTTABLE]. If pre-testing of connection is enabled for the connection pool, this SQL statement will be executed to the connection to make sure the connection is good. If you leave this field blank, the default SQL statement, SELECT CURRENT SQLID FROM SYSIBM.SYSDUMMY1, will be used at runtime. This will slow down the execution because of the exception handling if table SYSIBM.SYSDUMMY1 is not defined in the database. Users are recommended to provide their own SQL statement to improve the performance." required="false"/>
        <resourceProperties xmi:id="J2EEResourceProperty_1234186945890" name="validateNewConnection" type="java.lang.Boolean" value="false" description="Setting this flag to true will cause to WebSphere Application Server to validate connections when they first get created and to keep trying to get a good connection from the database if the validation fails. Setting this flag to false prevents any additional validation from being performed - newly created connections are assumed to be valid and usable. " required="false"/>
        <resourceProperties xmi:id="J2EEResourceProperty_1234186945891" name="validateNewConnectionRetryCount" type="java.lang.Integer" value="100" description="This is useful only if validateNewConnection flag is true.  This property controls how many times WebSphere will try to get a connection from the database before giving up" required="false"/>
        <resourceProperties xmi:id="J2EEResourceProperty_1234186945892" name="validateNewConnectionRetryInterval" type="java.lang.Long" value="3" description="This is useful only if validateNewConnection flag is true.  This property controls the interval between retries to retrieve a connection from the database.  Unit is seconds" required="false"/>
        <resourceProperties xmi:id="J2EEResourceProperty_1234186945893" name="dbFailOverEnabled" type="java.lang.Boolean" value="" description="Deprecated. Please use the validateNewConnection property instead. This flag should be set to true only if the backend database is configured with failover capability.  This flag will indicate to WebSphere to validate connections when they first get created and to keep trying to get a good connection from the database when the validation fails." required="false"/>
        <resourceProperties xmi:id="J2EEResourceProperty_1234186945894" name="connRetriesDuringDBFailover" type="java.lang.Integer" value="" description="Deprecated. Please use the validateNewConnectionRetryCount property instead. This is useful only if dbFailOverEnabled flag is true.  This property controls how many times WebSphere will try to get a connection from the database before giving up" required="false"/>
        <resourceProperties xmi:id="J2EEResourceProperty_1234186945895" name="connRetryIntervalDuringDBFailover" type="java.lang.Long" value="" description="Deprecated. Please use the validateNewConnectionRetryInterval instead. This is useful only if dbFailOverEnabled flag is true.  This property controls the interval between retries to retrieve a connection from the database." required="false"/>
        <resourceProperties xmi:id="J2EEResourceProperty_1234186945896" name="connectionSharing" type="java.lang.Integer" value="1" description="Determines how connections are matched for connection sharing. A value of 0 indicates connection matching is done based on the original connection request rather than the current state. A value of 1 means match the current Transaction Isolation Level but match the originally requested values for all other properties. A value of 2 means match the current Read Only but match the originally requested values for all other properties. A value of 3 means match the current Transaction Isolation Level and current Read Only but match the originally requested values for all other properties." required="false"/>
      </propertySet>
      <connectionPool xmi:id="ConnectionPool_1234186945884" connectionTimeout="1800" maxConnections="2" minConnections="0" reapTime="180" unusedTimeout="1800" agedTimeout="0" purgePolicy="EntirePool" numberOfSharedPoolPartitions="0" numberOfUnsharedPoolPartitions="0" numberOfFreePoolPartitions="0" freePoolDistributionTableSize="0" surgeThreshold="-1" surgeCreationInterval="0" testConnection="false" testConnectionInterval="0" stuckTimerTime="0" stuckTime="0" stuckThreshold="0"/>
      <mapping xmi:id="MappingModule_1269897170402" mappingConfigAlias="" authDataAlias=""/>
    </factories>
  </resources.jdbc:JDBCProvider>
</xmi:XMI>
