[
    {
        "Number": "INC9692073",
        "Priority": "1-critical",
        "ShortDescription": "HC:OBIEE 11g is down-8000+users",
        "Business": "Click here",
        "Latestupdate":"Click here",
        "IncidentActionPlan": "",
        "OutageBridgeParticipantPasscode": "49936903",
        "BusinessImpact": "",
        "CI": "bi platform - obi 11g global domain"
    },
    {
        "Number": "INC9699996",
        "Priority": "1-critical",
        "ShortDescription": "Power:Server Error [1003|:Failed to aquire to database",
        "Business": "Click here",
        "Latestupdate":"Click here",
        "IncidentActionPlan": "",
        "OutageBridgeParticipantPasscode": "49935904",
        "BusinessImpact": "critical",
        "CI": "hyperion-hq-finance"
    }
]