<?xml  version="1.0" encoding="UTF-8"?>
<beans xmlns="http://www.springframework.org/schema/beans"
	xmlns:xsi="http://www.w3.org/2001/XMLSchema-instance"
	xmlns:context="http://www.springframework.org/schema/context"
	xmlns:mvc="http://www.springframework.org/schema/mvc"
	xsi:schemaLocation="http://www.springframework.org/schema/beans http://www.springframework.org/schema/beans/spring-beans.xsd
		http://www.springframework.org/schema/context http://www.springframework.org/schema/context/spring-context.xsd
		http://www.springframework.org/schema/mvc http://www.springframework.org/schema/mvc/spring-mvc.xsd">
		
	
	<context:component-scan base-package="com.gehc.wire.home.controller,com.gehc.wire.common.controller" />
	<mvc:interceptors>
        <bean id="loggerInterceptor" class="com.gehc.wire.common.interceptors.LoggerInterceptor" />
		<bean id="baseInterceptor" class="com.gehc.wire.common.interceptors.BaseInterceptor" />
    </mvc:interceptors>
	
	 

	<mvc:annotation-driven />
	<!-- uploading a file in springs-->
	<bean id="multipartResolver" 
		class="org.springframework.web.multipart.commons.CommonsMultipartResolver"> 
	</bean>
		<!-- View Resolver / Tiles Integration Starts -->
	<bean id="viewResolver"
		class="org.springframework.web.servlet.view.UrlBasedViewResolver">
		<property name="viewClass">
			<value>
				org.springframework.web.servlet.view.tiles2.TilesView
			</value>
		</property>
	</bean>
	
 	<bean id="dBService" class="com.gehc.wire.common.service.DBService"></bean>
	<bean id="tilesConfigurer"    class="org.springframework.web.servlet.view.tiles2.TilesConfigurer"> 
		<property name="definitions"> <list>
			<value>/WEB-INF/tiles-def.xml</value> </list>
		</property> 
	</bean> 
	
	<!-- View Resolver / Tiles Integration Ends   -->
	
	<bean class="org.springframework.context.support.ReloadableResourceBundleMessageSource" id="messageSource">
		<property name="basenames" value="/WEB-INF/classes/messages" /> 
	</bean>
	
	
	<!-- Dao Services Integration Ends -->
			
	<!-- Services Integration Starts -->
	<bean id="loginService" class="com.gehc.wire.home.service.LoginServiceImpl">
		<property name="loginDAO" ref="loginDAO" />
	</bean>
	
	<bean id="homeService" class="com.gehc.wire.home.service.HomeServiceImpl">
		<property name="dBService" ref="dBService" />
		<property name="homeDAO" ref="homeDAO" />
		<property name="pickListDAO" ref="pickListDAO" />
	</bean>
	 
 
	  <bean id="ajaxService" class="com.gehc.wire.common.service.AjaxServiceImpl">
		<property name="pickListDAO" ref="pickListDAO" />
		<property name="ajaxDao" ref="ajaxDao" />
	</bean>
	
	
	 
	 <bean id="graphService" class="com.gehc.wire.home.service.GraphServiceImpl">
		<property name="oGraphDao" ref="oGraphDao" />
		<property name="dBService" ref="dBService" />  
	</bean>
	
	 
	 
	
	 
	
	
	
	<!--  Services Integration Ends   -->
	
	<!-- DAO  Services Integration Starts -->
	
	<bean id="loginDAO" class="com.gehc.wire.home.dao.LoginDAOImpl"/>
	<bean id="homeDAO" class="com.gehc.wire.home.dao.HomeDAOImpl"/>
	<bean id="pickListDAO" class="com.gehc.wire.common.dao.PickListDaoImpl"/>
	<bean id="ajaxDao" class="com.gehc.wire.common.dao.AjaxDaoImpl"/>
	<bean id="oGraphDao" class="com.gehc.wire.home.dao.GraphDAOImpl"/>
	 
	 
	<!-- DAO  Services Integration Ends-->
</beans>